List	Display	POS	Source Entry ID	Hebrew source	A2 definition or synonyms	English example	Hebrew example	Record sense (English)	Record sense (Hebrew)	Repeated entry	Same-entry record IDs	Sense scope
A	addition	Noun	A3-050	חִבּוּר; הוֹסָפָה; תּוֹסֶפֶת	an extra thing or part	We made one small addition to the plan.	הוספנו תוספת קטנה אחת לתוכנית.	an extra thing or part	חִבּוּר; הוֹסָפָה; תּוֹסֶפֶת	FALSE		single-entry
A	advance	Noun	A1-002	התקדמות; קידום	movement forward; progress	The team made an important advance in its research.	הצוות השיג התקדמות חשובה במחקרו.	movement forward; progress	התקדמות; קידום	FALSE		single-entry
A	advanced	Adjective	A2-016	מִתְקַדֵּם	at a high or modern level	She studies advanced English.	היא לומדת אנגלית ברמה מתקדמת.	at a high or modern level	מִתְקַדֵּם	FALSE		single-entry
A	advertising	Noun	A1-047	פִּרְסוּם; ענף הפרסום	messages that try to sell products	Online advertising can reach many people.	פרסום מקוון יכול להגיע לאנשים רבים.	messages that try to sell products	פִּרְסוּם; ענף הפרסום	FALSE		single-entry
A	among other things	Phrase	A2-029	בין היתר	including some other things	The center offers, among other things, free English lessons.	המרכז מציע, בין היתר, שיעורי אנגלית בחינם.	including some other things	בין היתר	FALSE		single-entry
A	analysis	Noun	A3-038	אָנָלִיזָה; נִתּוּחַ	careful study of parts or information	The report includes an analysis of the results.	הדוח כולל ניתוח של התוצאות.	careful study of parts or information	אָנָלִיזָה; נִתּוּחַ	FALSE		single-entry
A	appear	Verb	A2-032	נִרְאָה; הוֹפִיעַ; נִגְלָה	come into view; seem	A rainbow appeared after the rain.	קשת הופיעה אחרי הגשם.	come into view; seem	נִרְאָה; הוֹפִיעַ; נִגְלָה	FALSE		single-entry
A	approach	Noun	A2-051	הִתְקָרְבוּת; גִּישָׁה	a way of doing or thinking about something	This teaching approach helps beginners.	גישת ההוראה הזאת עוזרת למתחילים.	a way of doing or thinking about something	הִתְקָרְבוּת; גִּישָׁה	TRUE	A3-035	record-specific
A	approach	Verb	A3-035	להתקרב; לגשת אל	move closer; begin to deal with	We approached the problem calmly.	ניגשנו לבעיה בשלווה.	move closer; begin to deal with	להתקרב; לגשת אל	TRUE	A2-051	record-specific
A	as	Conjunction	A3-075	כאשר; מפני ש; כפי ש־	used to connect two events, reasons or comparisons	As I was leaving, the phone rang.	כשעמדתי לצאת, הטלפון צלצל.	used to connect two events, reasons or comparisons	כאשר; מפני ש; כפי ש־	FALSE		single-entry
A	at least	Phrase	A2-058	לפחות	not less than a number or amount	At least ten students joined the activity.	לפחות עשרה תלמידים הצטרפו לפעילות.	not less than a number or amount	לפחות	FALSE		single-entry
A	average	Adjective	A1-012	מְמֻצָּע; רָגִיל	ordinary; not especially high or low	Her score was close to the average score.	הציון שלה היה קרוב לציון הממוצע.	ordinary; not especially high or low	מְמֻצָּע; רָגִיל	FALSE		single-entry
A	be responsible for	Phrase	A2-004	להיות אחראי ל־	have the duty to do or care for something	She is responsible for organizing the class trip.	היא אחראית לארגון הטיול הכיתתי.	have the duty to do or care for something	להיות אחראי ל־	FALSE		single-entry
A	before	Preposition	A2-074	לפני	earlier than a time or event	Please finish the work before lunch.	נא לסיים את העבודה לפני ארוחת הצהריים.	earlier than a time or event	לפני	FALSE		single-entry
A	besides	Adverb	A1-054	בנוסף; חוץ מזה	used to add another reason or fact	I am tired; besides, it is already late.	אני עייף; חוץ מזה, כבר מאוחר.	used to add another reason or fact	בנוסף; חוץ מזה	TRUE	A2-014	record-specific
A	besides	Preposition	A2-014	מלבד; נוסף על	apart from or in addition to someone or something	Besides English, she speaks Hebrew.	מלבד אנגלית, היא מדברת עברית.	apart from or in addition to someone or something	מלבד; נוסף על	TRUE	A1-054	record-specific
A	can	Verb	A2-042	יכול; עשוי	be able to do something or show that something is possible	Cold weather can make the roads dangerous.	מזג אוויר קר עלול להפוך את הכבישים למסוכנים.	be able to do something or show that something is possible	יכול; עשוי	FALSE		single-entry
A	challenge	Verb	A1-072	לאתגר; לערער על	question or disagree with something	The student challenged the speaker’s claim.	התלמיד ערער על טענתו של הדובר.	question or disagree with something	לאתגר; לערער על	FALSE		single-entry
A	chance	Noun	A2-063	סִכּוּי; צַ'אנְס; מַזָּל	an opportunity or a possibility	Everyone deserves a fair chance to succeed.	לכולם מגיע סיכוי הוגן להצליח.	an opportunity or a possibility	סִכּוּי; צַ'אנְס; מַזָּל	FALSE		single-entry
A	change	Verb	A1-017	לשנות; להשתנות	become different; make something different	The weather can change quickly.	מזג האוויר יכול להשתנות במהירות.	become different; make something different	לשנות; להשתנות	FALSE		single-entry
A	characteristic	Noun	A3-048	מְאַפְיֵן	a usual or special quality	Patience is an important characteristic of a good teacher.	סבלנות היא תכונה חשובה של מורה טוב.	a usual or special quality	מְאַפְיֵן	FALSE		single-entry
A	claim	Verb	A3-070	תָּבַע; טָעַן	say that something is true	The company claims that the product is safe.	החברה טוענת שהמוצר בטוח.	say that something is true	תָּבַע; טָעַן	FALSE		single-entry
A	come after/first/last	Phrase	A1-070	לבוא אחרי; ראשון; אחרון	be in a later, first or last position	The short questions come after the reading text.	השאלות הקצרות מופיעות אחרי קטע הקריאה.	be in a later, first or last position	לבוא אחרי; ראשון; אחרון	FALSE		single-entry
A	common	Adjective	A2-070	נפוץ; רגיל; משותף	usual; shared by many	This is a common mistake.	זוהי טעות נפוצה.	usual; shared by many	נפוץ; רגיל; משותף	FALSE		single-entry
A	complicated	Adjective	A2-008	מְסֻבָּךְ; מֻרְכָּב	difficult to understand or deal with	The instructions seemed complicated at first.	ההוראות נראו מסובכות בהתחלה.	difficult to understand or deal with	מְסֻבָּךְ; מֻרְכָּב	FALSE		single-entry
A	concern	Verb	A1-065	להדאיג; לעסוק ב־; להיות נוגע ל־	worry someone; be about something	The rising cost concerns many families.	העלות העולה מדאיגה משפחות רבות.	worry someone; be about something	להדאיג; לעסוק ב־; להיות נוגע ל־	FALSE		single-entry
A	conditions	Noun	A3-032	תנאים; נסיבות	the situation in which people or things exist	The workers asked for safer conditions.	העובדים ביקשו תנאים בטוחים יותר.	the situation in which people or things exist	תנאים; נסיבות	FALSE		single-entry
A	conduct	Verb	A1-013	נִהֵל; הוֹבִיל; לִוָּה	organize and carry out	The class conducted a short survey.	הכיתה ערכה סקר קצר.	organize and carry out	נִהֵל; הוֹבִיל; לִוָּה	FALSE		single-entry
A	consequence	Noun	A3-007	תּוֹצָאָה; הַשְׁלָכָה; חֲשִׁיבוּת	a result of an action or event	One consequence of the storm was a power cut.	אחת מתוצאות הסופה הייתה הפסקת חשמל.	a result of an action or event	תּוֹצָאָה; הַשְׁלָכָה; חֲשִׁיבוּת	FALSE		single-entry
A	considerable	Adjective	A3-014	נִכָּר; בּוֹלֵט; חָשׁוּב	large or important	The project required considerable effort.	הפרויקט דרש מאמץ רב.	large or important	נִכָּר; בּוֹלֵט; חָשׁוּב	FALSE		single-entry
A	cope	Verb	A1-036	הִתְמוֹדֵד	deal successfully with something difficult	She learned to cope with the pressure.	היא למדה להתמודד עם הלחץ.	deal successfully with something difficult	הִתְמוֹדֵד	FALSE		single-entry
A	critic	Noun	A3-058	מבקר; אדם שנותן ביקורת	a person who judges or gives opinions	The film critic wrote a positive review.	מבקר הסרטים כתב ביקורת חיובית.	a person who judges or gives opinions	מבקר; אדם שנותן ביקורת	FALSE		single-entry
A	current	Adjective	A2-031	נוֹכְחִי; שׁוֹטֵף; שָׁגוּר	happening or existing now	The article describes the current situation.	המאמר מתאר את המצב הנוכחי.	happening or existing now	נוֹכְחִי; שׁוֹטֵף; שָׁגוּר	FALSE		single-entry
A	decrease	Noun	A2-069	הַפְחָתָה; צִמְצוּם	a reduction in size, number or amount	There was a decrease in road accidents.	חלה ירידה במספר תאונות הדרכים.	a reduction in size, number or amount	הַפְחָתָה; צִמְצוּם	TRUE	A1-068	record-specific
A	decrease	Verb	A1-068	להפחית; לצמצם; לרדת; להצטמצם	become or make smaller	Prices may decrease next month.	המחירים עשויים לרדת בחודש הבא.	become or make smaller	להפחית; לצמצם; לרדת; להצטמצם	TRUE	A2-069	record-specific
A	delayed	Adjective	A2-073	מְעֻכָּב; דָּחוּי	happening later than planned	The delayed train arrived at noon.	הרכבת שהתעכבה הגיעה בצהריים.	happening later than planned	מְעֻכָּב; דָּחוּי	FALSE		single-entry
A	deliberately	Adverb	A1-029	בְּכַוָּנָה; בְּמִתְכַּוֵּן; בִּמְכֻוָּן	on purpose	He deliberately left the answer blank.	הוא השאיר בכוונה את התשובה ריקה.	on purpose	בְּכַוָּנָה; בְּמִתְכַּוֵּן; בִּמְכֻוָּן	FALSE		single-entry
A	demonstrate	Verb	A2-024	הִדְגִּים; הִצִּיג; הוֹכִיחַ	show clearly; protest in public	The teacher demonstrated how to use the tool.	המורה הדגים כיצד להשתמש בכלי.	show clearly; protest in public	הִדְגִּים; הִצִּיג; הוֹכִיחַ	FALSE		single-entry
A	design	Noun	A3-024	תָּכְנִית; תִּכְנוּן; עִצּוּב	a plan for how something will look or work	The building has a simple design.	לבניין יש עיצוב פשוט.	a plan for how something will look or work	תָּכְנִית; תִּכְנוּן; עִצּוּב	FALSE		single-entry
A	destruction	Noun	A1-004	הֶרֶס; חֻרְבָּן; הַשְׁמָדָה	very serious damage	The fire caused the destruction of several homes.	השרפה גרמה להרס של כמה בתים.	very serious damage	הֶרֶס; חֻרְבָּן; הַשְׁמָדָה	FALSE		single-entry
A	development	Noun	A1-039	התפתחות; פיתוח	growth, change or a new event	The new hospital is an important development.	בית החולים החדש הוא התפתחות חשובה.	growth, change or a new event	התפתחות; פיתוח	FALSE		single-entry
A	disagreement	Noun	A3-067	אִי-הַסְכָּמָה; חִלּוּקֵי דֵּעוֹת; מַחֲלֹקֶת	a situation in which people have different opinions	The two friends had a disagreement about money.	לשני החברים היו חילוקי דעות בנוגע לכסף.	a situation in which people have different opinions	אִי-הַסְכָּמָה; חִלּוּקֵי דֵּעוֹת; מַחֲלֹקֶת	FALSE		single-entry
A	disaster	Noun	A3-023	אָסוֹן	an event that causes great harm	The earthquake was a terrible disaster.	רעידת האדמה הייתה אסון נורא.	an event that causes great harm	אָסוֹן	FALSE		single-entry
A	discovery	Noun	A2-072	תַּגְלִית; גִּלּוּי	something found or learned for the first time	The scientists announced an important discovery.	המדענים הודיעו על תגלית חשובה.	something found or learned for the first time	תַּגְלִית; גִּלּוּי	FALSE		single-entry
A	dislike	Noun	A1-055	סְלִידָה; הִתְנַגְּדוּת; מֹרַת רוּחַ	a feeling of not liking someone or something	He has a strong dislike of loud music.	יש לו סלידה חזקה ממוזיקה רועשת.	a feeling of not liking someone or something	סְלִידָה; הִתְנַגְּדוּת; מֹרַת רוּחַ	TRUE	A1-038	record-specific
A	dislike	Verb	A1-038	שָׂנֵא; תִּעֵב	not like	Many children dislike waking up early.	ילדים רבים אינם אוהבים לקום מוקדם.	not like	שָׂנֵא; תִּעֵב	TRUE	A1-055	record-specific
A	do	Auxiliary verb	A1-061	פועל עזר להדגשה	used before another verb to make a statement stronger	I do understand your concern.	אני בהחלט מבין את דאגתך.	used before another verb to make a statement stronger	פועל עזר להדגשה	FALSE		single-entry
A	doubt	Verb	A1-079	הֵטִיל סָפֵק	feel unsure that something is true	I doubt that the story is true.	אני מטיל ספק בכך שהסיפור אמיתי.	feel unsure that something is true	הֵטִיל סָפֵק	FALSE		single-entry
A	drop	Noun	A2-048	טִפָּה; נְפִילָה; צְנִיחָה	a small amount of liquid; a fall	A drop of rain fell on the page.	טיפת גשם נפלה על הדף.	a small amount of liquid; a fall	טִפָּה; נְפִילָה; צְנִיחָה	TRUE	A2-005; D2-035; D3-055	record-specific
A	drop	Verb	A2-005	ליפול; לצנוח; להפיל	fall; let something fall	Be careful not to drop the glass.	היזהר שלא להפיל את הכוס.	fall; let something fall	ליפול; לצנוח; להפיל	TRUE	A2-048; D2-035; D3-055	record-specific
A	educate	Verb	A2-064	חִנֵּךְ	teach and help someone learn	Schools educate young people for the future.	בתי ספר מחנכים צעירים לקראת העתיד.	teach and help someone learn	חִנֵּךְ	FALSE		single-entry
A	efficient	Adjective	A3-068	יָעִיל	working well without wasting time or energy	The new system is simple and efficient.	המערכת החדשה פשוטה ויעילה.	working well without wasting time or energy	יָעִיל	FALSE		single-entry
A	emphasis	Noun	A2-023	דָּגֵשׁ; הַדְגָּשָׁה; הַבְלָטָה	special attention or importance	The course places emphasis on speaking.	הקורס שם דגש על דיבור.	special attention or importance	דָּגֵשׁ; הַדְגָּשָׁה; הַבְלָטָה	FALSE		single-entry
A	enjoyable	Adjective	A2-001	מְהַנֶּה	pleasant and fun	We had an enjoyable evening together.	בילינו יחד ערב מהנה.	pleasant and fun	מְהַנֶּה	FALSE		single-entry
A	essay	Noun	A1-044	חיבור; מאמר	a short piece of writing about a subject	She wrote an essay about city life.	היא כתבה חיבור על החיים בעיר.	a short piece of writing about a subject	חיבור; מאמר	FALSE		single-entry
A	essentially	Adverb	A1-040	ביסודו; במהותו; בְּעִקָּרוֹ שֶׁל דָּבָר	in the most important way; basically	The two plans are essentially the same.	שתי התוכניות זהות בעיקרן.	in the most important way; basically	ביסודו; במהותו; בְּעִקָּרוֹ שֶׁל דָּבָר	FALSE		single-entry
A	even if	Phrase	A1-022	גם אם	whether or not something happens	I will walk to school even if it rains.	אלך ברגל לבית הספר גם אם ירד גשם.	whether or not something happens	גם אם	FALSE		single-entry
A	even though	Phrase	A1-016	אף על פי ש־	although something is true	Even though he was tired, he finished his homework.	אף על פי שהיה עייף, הוא סיים את שיעורי הבית.	although something is true	אף על פי ש־	FALSE		single-entry
A	event	Noun	A3-079	מְאֹרָע; אֵרוּעַ; מִקְרֶה	something that happens; an organized activity	The school event begins at six.	האירוע בבית הספר מתחיל בשש.	something that happens; an organized activity	מְאֹרָע; אֵרוּעַ; מִקְרֶה	FALSE		single-entry
A	exactly	Adverb	A2-022	בְּדִיּוּק	completely correctly; in full agreement	That is exactly what I meant.	לזה בדיוק התכוונתי.	completely correctly; in full agreement	בְּדִיּוּק	FALSE		single-entry
A	except that	Phrase	A3-054	מלבד העובדה ש־	but with one difference	The rooms are the same, except that one has a balcony.	החדרים זהים, אלא שלאחד מהם יש מרפסת.	but with one difference	מלבד העובדה ש־	FALSE		single-entry
A	exist	Verb	A2-044	הִתְקַיֵּם	be real or present	Some plants can exist with very little water.	צמחים מסוימים יכולים להתקיים עם מעט מאוד מים.	be real or present	הִתְקַיֵּם	FALSE		single-entry
A	extraordinary	Adjective	A3-047	יוֹצֵא מִן הַכְּלָל	very unusual or special	She showed extraordinary courage.	היא הפגינה אומץ יוצא מן הכלל.	very unusual or special	יוֹצֵא מִן הַכְּלָל	FALSE		single-entry
A	feature	Noun	A3-034	מאפיין; תכונה	an important or noticeable part	The camera has a useful new feature.	למצלמה יש תכונה חדשה ושימושית.	an important or noticeable part	מאפיין; תכונה	FALSE		single-entry
A	feedback	Noun	A2-059	מָשׁוֹב; הִזּוּן חוֹזֵר; פִידְבֶּק	comments that help someone improve	The teacher gave helpful feedback on my writing.	המורה נתן משוב מועיל על הכתיבה שלי.	comments that help someone improve	מָשׁוֹב; הִזּוּן חוֹזֵר; פִידְבֶּק	FALSE		single-entry
A	figure	Noun	A3-059	סִפְרָה; מִסְפָּר; צוּרָה	a number, shape or picture	The sales figure increased this year.	נתון המכירות עלה השנה.	a number, shape or picture	סִפְרָה; מִסְפָּר; צוּרָה	FALSE		single-entry
A	financial	Adjective	A3-002	כַּסְפִּי; פִינַנְסִי	connected with money	The family needed financial help.	המשפחה נזקקה לעזרה כספית.	connected with money	כַּסְפִּי; פִינַנְסִי	FALSE		single-entry
A	finding/findings	Noun	A2-066	ממצא; תוצאות מחקר	a result learned from research	The main finding surprised the researchers.	הממצא העיקרי הפתיע את החוקרים.	a result learned from research	ממצא; תוצאות מחקר	FALSE		single-entry
A	flexible	Adjective	A3-004	גָּמִישׁ	able to change easily when needed	Our schedule is flexible.	לוח הזמנים שלנו גמיש.	able to change easily when needed	גָּמִישׁ	FALSE		single-entry
A	flood	Noun	A1-080	שִׁטָּפוֹן; הֲצָפָה; מַבּוּל	water covering land that is usually dry	The flood damaged many houses.	השיטפון גרם נזק לבתים רבים.	water covering land that is usually dry	שִׁטָּפוֹן; הֲצָפָה; מַבּוּל	TRUE	A2-002	record-specific
A	flood	Verb	A2-002	הֵצִיף; שָׁטַף	cover a place with too much water	Heavy rain flooded the road.	גשם כבד הציף את הכביש.	cover a place with too much water	הֵצִיף; שָׁטַף	TRUE	A1-080	record-specific
A	flu	Noun	A2-049	שפעת	an illness like a bad cold	She stayed home because she had the flu.	היא נשארה בבית כי הייתה לה שפעת.	an illness like a bad cold	שפעת	FALSE		single-entry
A	focus	Noun	A1-056	פוֹקוּס; מוֹקֵד	the main point of attention	Safety is the main focus of the meeting.	הבטיחות היא הנושא המרכזי של הפגישה.	the main point of attention	פוֹקוּס; מוֹקֵד	FALSE		single-entry
A	focus on/upon	Phrase	A3-003	להתמקד ב־	give special attention to someone or something	Please focus on the main idea of the paragraph.	נא להתמקד ברעיון המרכזי של הפסקה.	give special attention to someone or something	להתמקד ב־	FALSE		single-entry
A	frequent	Adjective	A1-075	תָּדִיר	happening often	Frequent practice improves your English.	תרגול תכוף משפר את האנגלית שלכם.	happening often	תָּדִיר	FALSE		single-entry
A	fresh	Adjective	A2-025	טָרִי; רַעֲנָן; חָדִישׁ	new, recent or not spoiled	We bought fresh bread this morning.	קנינו לחם טרי הבוקר.	new, recent or not spoiled	טָרִי; רַעֲנָן; חָדִישׁ	FALSE		single-entry
A	frighten	Verb	A1-015	הִפְחִיד; הִבְהִיל	make someone feel afraid	The sudden noise frightened the child.	הרעש הפתאומי הפחיד את הילד.	make someone feel afraid	הִפְחִיד; הִבְהִיל	FALSE		single-entry
A	from	Preposition	A3-026	מ־; מאת; החל מ־	used to show a starting place, time or source	The train goes from Haifa to Tel Aviv.	הרכבת נוסעת מחיפה לתל אביב.	used to show a starting place, time or source	מ־; מאת; החל מ־	FALSE		single-entry
A	gain	Noun	A2-013	רווח; יתרון; עלייה	an increase or benefit	The change brought a small gain in speed.	השינוי הביא לשיפור קטן במהירות.	an increase or benefit	רווח; יתרון; עלייה	TRUE	A3-001	record-specific
A	gain	Verb	A3-001	הִרְוִיחַ; הִשִּׂיג	get or increase	Students gain confidence through practice.	תלמידים צוברים ביטחון באמצעות תרגול.	get or increase	הִרְוִיחַ; הִשִּׂיג	TRUE	A2-013	record-specific
A	generate	Verb	A1-031	יָצַר; חוֹלֵל	produce or create	Solar panels generate electricity.	לוחות סולאריים מייצרים חשמל.	produce or create	יָצַר; חוֹלֵל	FALSE		single-entry
A	guidance	Noun	A3-020	הַנְהָגָה; הַנְחָיָה; הַכְוָנָה	advice that helps someone decide what to do	Students can ask the counselor for guidance.	תלמידים יכולים לבקש הדרכה מהיועץ.	advice that helps someone decide what to do	הַנְהָגָה; הַנְחָיָה; הַכְוָנָה	FALSE		single-entry
A	hopefully	Adverb	A3-056	בתקווה	used to say that you hope something will happen	Hopefully, the weather will improve tomorrow.	יש לקוות שמזג האוויר ישתפר מחר.	used to say that you hope something will happen	בתקווה	FALSE		single-entry
A	ideal	Adjective	A3-028	אִידֵאָלִי; השואף לשלמות	perfect or most suitable	This quiet room is ideal for studying.	החדר השקט הזה אידיאלי ללימוד.	perfect or most suitable	אִידֵאָלִי; השואף לשלמות	FALSE		single-entry
A	illness	Noun	A3-074	חֹלִי; מַחֲלָה	a condition of being sick	He missed school because of an illness.	הוא נעדר מבית הספר בגלל מחלה.	a condition of being sick	חֹלִי; מַחֲלָה	FALSE		single-entry
A	illustrate	Verb	A2-077	הִמְחִישׁ; הִדְגִּים; אִיֵּר	explain by using a picture or example	The chart illustrates the change in temperature.	התרשים ממחיש את השינוי בטמפרטורה.	explain by using a picture or example	הִמְחִישׁ; הִדְגִּים; אִיֵּר	FALSE		single-entry
A	image	Noun	A2-019	תמונה; דמות; בבואה; תדמית	a picture or the idea people have of something	The screen displayed a clear image.	המסך הציג תמונה ברורה.	a picture or the idea people have of something	תמונה; דמות; בבואה; תדמית	FALSE		single-entry
A	in	Preposition	A1-034	ב־; בתוך; במהלך	inside a place, during a time or showing a particular state	The children are in the garden.	הילדים נמצאים בגינה.	inside a place, during a time or showing a particular state	ב־; בתוך; במהלך	FALSE		single-entry
A	in actual fact	Phrase	A2-062	למעשה	used to show what is really true	It looked easy, but in actual fact it was difficult.	זה נראה קל, אבל למעשה זה היה קשה.	used to show what is really true	למעשה	FALSE		single-entry
A	in connection with	Phrase	A3-025	בקשר ל־	related to a person, event or subject	Police questioned him in connection with the accident.	המשטרה חקרה אותו בקשר לתאונה.	related to a person, event or subject	בקשר ל־	FALSE		single-entry
A	in terms of	Phrase	A3-006	מבחינת; במונחים של	when considering a particular part of something	The plan is good in terms of cost.	התוכנית טובה מבחינת העלות.	when considering a particular part of something	מבחינת; במונחים של	FALSE		single-entry
A	in that case	Phrase	A2-054	במקרה כזה	used to say what should happen if that is true	In that case, we should leave earlier.	במקרה כזה, עלינו לצאת מוקדם יותר.	used to say what should happen if that is true	במקרה כזה	FALSE		single-entry
A	in the meantime	Phrase	A3-064	בינתיים	during the time before something else happens	Dinner will be ready soon; in the meantime, set the table.	ארוחת הערב תהיה מוכנה בקרוב; בינתיים, ערכו את השולחן.	during the time before something else happens	בינתיים	FALSE		single-entry
A	initial	Adjective	A2-017	הַתְחָלָתִי; רִאשׁוֹנִי	first	Our initial plan was too expensive.	התוכנית הראשונית שלנו הייתה יקרה מדי.	first	הַתְחָלָתִי; רִאשׁוֹנִי	TRUE	D2-040	record-specific
A	instruction	Noun	A3-077	הַדְרָכָה; הַנְחָיָה; הוֹרָאָה	information that tells someone what to do	Read each instruction carefully.	קראו כל הוראה בקפידה.	information that tells someone what to do	הַדְרָכָה; הַנְחָיָה; הוֹרָאָה	FALSE		single-entry
A	intelligence	Noun	A1-058	אִינְטֶלִיגֶנְצְיָה; מִשְׂכָּל; פִּקְּחוּת	the ability to learn and understand	The test measures several kinds of intelligence.	המבחן מודד כמה סוגים של אינטליגנציה.	the ability to learn and understand	אִינְטֶלִיגֶנְצְיָה; מִשְׂכָּל; פִּקְּחוּת	FALSE		single-entry
A	interest	Noun	A3-057	עִנְיָן; הִתְעַנְיְנוּת; תחום עניין	curiosity; an activity someone enjoys	Her interest in science began at school.	העניין שלה במדע החל בבית הספר.	curiosity; an activity someone enjoys	עִנְיָן; הִתְעַנְיְנוּת; תחום עניין	TRUE	A3-009	record-specific
A	interest	Verb	A3-009	עִנְיֵן	make someone curious	The story may interest young readers.	הסיפור עשוי לעניין קוראים צעירים.	make someone curious	עִנְיֵן	TRUE	A3-057	record-specific
A	introduce	Verb	A1-046	להציג; לערוך היכרות; להכניס	present someone or something for the first time	The teacher introduced a new topic.	המורה הציג נושא חדש.	present someone or something for the first time	להציג; לערוך היכרות; להכניס	FALSE		single-entry
A	invest	Verb	A1-059	להשקיע	put in money, time or effort for a future benefit	They invested money in a small business.	הם השקיעו כסף בעסק קטן.	put in money, time or effort for a future benefit	להשקיע	FALSE		single-entry
A	investigate	Verb	A3-021	חָקַר	try to discover the facts	Police are investigating the accident.	המשטרה חוקרת את התאונה.	try to discover the facts	חָקַר	FALSE		single-entry
A	just about	Phrase	A3-044	כמעט; בערך	almost, but not completely	We have just about enough food for everyone.	יש לנו כמעט מספיק אוכל לכולם.	almost, but not completely	כמעט; בערך	FALSE		single-entry
A	keep on doing	Phrase	A2-028	להמשיך לעשות	continue to do the same action	She kept on working after everyone else had left.	היא המשיכה לעבוד אחרי שכל השאר עזבו.	continue to do the same action	להמשיך לעשות	FALSE		single-entry
A	kind of	Phrase	A1-027	קצת; מעין	a little or in some way	This puzzle is kind of difficult.	הפאזל הזה די קשה.	a little or in some way	קצת; מעין	FALSE		single-entry
A	knowledge	Noun	A2-003	יֶדַע; מוּדָעוּת	information and understanding	Reading increases our knowledge of the world.	קריאה מרחיבה את הידע שלנו על העולם.	information and understanding	יֶדַע; מוּדָעוּת	FALSE		single-entry
A	lack	Verb	A1-021	חָסַר	not have enough of something	The village lacks clean water.	לכפר חסרים מים נקיים.	not have enough of something	חָסַר	FALSE		single-entry
A	landscape	Noun	A1-077	נוֹף	the visible features of an area of land	The desert landscape was beautiful.	הנוף המדברי היה יפהפה.	the visible features of an area of land	נוֹף	FALSE		single-entry
A	likely	Adjective	A1-074	סָבִיר; מִתְקַבֵּל עַל הַדַּעַת; אֶפְשָׁרִי	probable	Rain is likely this evening.	צפוי גשם הערב.	probable	סָבִיר; מִתְקַבֵּל עַל הַדַּעַת; אֶפְשָׁרִי	TRUE	A3-012	record-specific
A	likely	Adverb	A3-012	כנראה; קרוב לוודאי	probably	The team will likely arrive late.	הצוות כנראה יגיע באיחור.	probably	כנראה; קרוב לוודאי	TRUE	A1-074	record-specific
A	limited	Adjective	A3-031	מֻגְבָּל	small in amount or number	Only a limited number of tickets remain.	נותר רק מספר מוגבל של כרטיסים.	small in amount or number	מֻגְבָּל	FALSE		single-entry
A	little	Adjective	A1-008	קָטָן; מוּעָט	small in size or amount	We had little time to prepare.	היה לנו מעט זמן להתכונן.	small in size or amount	קָטָן; מוּעָט	FALSE		single-entry
A	look at	Phrase	A3-030	להסתכל על; לבחון	direct your eyes or attention toward something	Let’s look at the results together.	בואו נבחן יחד את התוצאות.	direct your eyes or attention toward something	להסתכל על; לבחון	FALSE		single-entry
A	low	Adverb	A2-018	נמוך; בגובה או ברמה נמוכים	at a small height, amount or level	The plane flew low over the field.	המטוס טס נמוך מעל השדה.	at a small height, amount or level	נמוך; בגובה או ברמה נמוכים	FALSE		single-entry
A	material	Noun	A2-071	חומר; חומר לימוד	information, documents or a substance used to make things	The teacher uploaded the study material.	המורה העלה את חומר הלימוד.	information, documents or a substance used to make things	חומר; חומר לימוד	FALSE		single-entry
A	mean	Verb	A1-041	הִתְכַּוֵּן; סִמֵּן; צִיֵּן	have a particular meaning or purpose	What does this expression mean?	מה פירוש הביטוי הזה?	have a particular meaning or purpose	הִתְכַּוֵּן; סִמֵּן; צִיֵּן	FALSE		single-entry
A	means	Noun	A3-041	אמצעי; דרך	a method or way	Email is a useful means of communication.	דוא״ל הוא אמצעי תקשורת שימושי.	a method or way	אמצעי; דרך	FALSE		single-entry
A	measure	Noun	A2-038	צעד; אמצעי; מידה	an action taken to achieve something	The school introduced a safety measure.	בית הספר הנהיג אמצעי בטיחות.	an action taken to achieve something	צעד; אמצעי; מידה	FALSE		single-entry
A	mention	Noun	A2-041	אִזְכּוּר; הַזְכָּרָה; הִתְיַחֲסוּת	a short reference to someone or something	The article made no mention of the cost.	במאמר לא היה כל אזכור של העלות.	a short reference to someone or something	אִזְכּוּר; הַזְכָּרָה; הִתְיַחֲסוּת	TRUE	A3-015	record-specific
A	mention	Verb	A3-015	הִזְכִּיר; אִזְכֵּר; צִיֵּן	speak or write about briefly	Please mention the source in your answer.	נא לציין את המקור בתשובתכם.	speak or write about briefly	הִזְכִּיר; אִזְכֵּר; צִיֵּן	TRUE	A2-041	record-specific
A	miss	Verb	A1-076	הֶחְטִיא; הֶחְמִיץ; פִסְפֵס	fail to do, see or reach something	Hurry or you will miss the bus.	הזדרזו, אחרת תחמיצו את האוטובוס.	fail to do, see or reach something	הֶחְטִיא; הֶחְמִיץ; פִסְפֵס	TRUE	C3-015	record-specific
A	misunderstand	Verb	A1-049	הבין שלא כהלכה	understand incorrectly	I misunderstood the last question.	לא הבנתי נכון את השאלה האחרונה.	understand incorrectly	הבין שלא כהלכה	FALSE		single-entry
A	more or less	Phrase	A3-040	פחות או יותר	almost or approximately	The work is more or less complete.	העבודה הושלמה פחות או יותר.	almost or approximately	פחות או יותר	FALSE		single-entry
A	must	Verb	A3-018	חייב; מוכרח	have to do something or show that something is very likely	You must wear a seat belt.	עליכם לחגור חגורת בטיחות.	have to do something or show that something is very likely	חייב; מוכרח	FALSE		single-entry
A	naturally	Adverb	A1-003	בטבעיות; בצורה טבעית; כַּמּוּבָן	as expected; in a normal way	Naturally, her parents were worried.	מטבע הדברים, הוריה היו מודאגים.	as expected; in a normal way	בטבעיות; בצורה טבעית; כַּמּוּבָן	FALSE		single-entry
A	nature	Noun	A3-016	טֶבַע	the basic character or type of something	We discussed the nature of the problem.	דנו במהות הבעיה.	the basic character or type of something	טֶבַע	FALSE		single-entry
A	necessarily	Adverb	A2-033	בהכרח	as a necessary result; always	A high price does not necessarily mean good quality.	מחיר גבוה אינו מעיד בהכרח על איכות טובה.	as a necessary result; always	בהכרח	FALSE		single-entry
A	nevertheless	Adverb	A3-029	למרות זאת; אף על פי כן	despite what was just said	The task was difficult; nevertheless, we completed it.	המשימה הייתה קשה; למרות זאת, השלמנו אותה.	despite what was just said	למרות זאת; אף על פי כן	FALSE		single-entry
A	not at all	Phrase	A3-022	בכלל לא	in no way or by no amount	I am not at all worried about the test.	אני בכלל לא מודאג מהמבחן.	in no way or by no amount	בכלל לא	FALSE		single-entry
A	not only	Phrase	A3-073	לא רק	used to add another important fact	She is not only clever but also very kind.	היא לא רק חכמה אלא גם טובת לב.	used to add another important fact	לא רק	FALSE		single-entry
A	notice	Noun	A1-019	הַבְחָנָה; שִׂימַת לֵב; הוֹדָעָה	a written message or advance warning	The school posted a notice about the trip.	בית הספר פרסם הודעה על הטיול.	a written message or advance warning	הַבְחָנָה; שִׂימַת לֵב; הוֹדָעָה	FALSE		single-entry
A	objective	Noun	A2-047	מַטָּרָה; יַעַד; תַּכְלִית	an aim or purpose	Our main objective is to improve reading skills.	המטרה העיקרית שלנו היא לשפר את מיומנויות הקריאה.	an aim or purpose	מַטָּרָה; יַעַד; תַּכְלִית	FALSE		single-entry
A	occasional	Adjective	A1-007	מִקְרִי; אַקְרָאִי; מִזְדַּמֵּן	happening sometimes but not often	We have occasional meetings after school.	יש לנו פגישות מדי פעם אחרי הלימודים.	happening sometimes but not often	מִקְרִי; אַקְרָאִי; מִזְדַּמֵּן	FALSE		single-entry
A	official	Adjective	A2-035	רִשְׁמִי	approved by a person or organization in authority	Check the official website for details.	בדקו את האתר הרשמי לקבלת פרטים.	approved by a person or organization in authority	רִשְׁמִי	FALSE		single-entry
A	on the one hand ... on the other hand	Phrase	A1-050	מצד אחד... מצד שני	used to compare two different sides of a situation	On the one hand, it pays well, but it is far.	מצד אחד, השכר טוב, אבל המקום רחוק.	used to compare two different sides of a situation	מצד אחד... מצד שני	FALSE		single-entry
A	once	Conjunction	A2-055	ברגע ש־; לאחר ש־	as soon as something has happened	Once you finish, check your answers.	לאחר שתסיימו, בדקו את תשובותיכם.	as soon as something has happened	ברגע ש־; לאחר ש־	FALSE		single-entry
A	others	Pronoun	A2-067	אחרים; אחרות	other people or things that were not already named	Some students agreed, but others did not.	חלק מהתלמידים הסכימו, אך אחרים לא.	other people or things that were not already named	אחרים; אחרות	FALSE		single-entry
A	otherwise	Adverb	A2-036	אחרת; באופן אחר	used to show what happens if something is not done	Leave now; otherwise, you will miss the bus.	צאו עכשיו; אחרת תחמיצו את האוטובוס.	used to show what happens if something is not done	אחרת; באופן אחר	TRUE	A2-007	record-specific
A	otherwise	Conjunction	A2-007	אחרת; אם לא	used to show a different result if something is not done	Hurry, otherwise we will be late.	הזדרזו, אחרת נאחר.	used to show a different result if something is not done	אחרת; אם לא	TRUE	A2-036	record-specific
A	out of date	Phrase	A2-015	מיושן; לא מעודכן	too old to be useful or correct	This map is out of date.	המפה הזאת אינה מעודכנת.	too old to be useful or correct	מיושן; לא מעודכן	FALSE		single-entry
A	participate	Verb	A2-040	להשתתף; לקחת חלק	take part	All students may participate in the discussion.	כל התלמידים רשאים להשתתף בדיון.	take part	להשתתף; לקחת חלק	FALSE		single-entry
A	particular	Adjective	A1-042	מסוים; מיוחד; ספציפי	specific; special	I am looking for a particular book.	אני מחפש ספר מסוים.	specific; special	מסוים; מיוחד; ספציפי	FALSE		single-entry
A	past	Adjective	A3-055	קודם; מן העבר	belonging to an earlier time	Past experience can help us decide.	ניסיון מן העבר יכול לעזור לנו להחליט.	belonging to an earlier time	קודם; מן העבר	FALSE		single-entry
A	perform	Verb	A1-052	בִּצֵּעַ; מִלֵּא; מִמֵּשׁ	do an action or entertain an audience	The band will perform tonight.	הלהקה תופיע הערב.	do an action or entertain an audience	בִּצֵּעַ; מִלֵּא; מִמֵּשׁ	FALSE		single-entry
A	personality	Noun	A2-010	אִישִׁיּוּת	the qualities that make a person behave in a certain way	She has a friendly personality.	יש לה אישיות ידידותית.	the qualities that make a person behave in a certain way	אִישִׁיּוּת	FALSE		single-entry
A	personally	Adverb	A3-069	אִישִׁית; בְּאֹפֶן אִישִׁי	in your own opinion; by yourself	Personally, I prefer the first plan.	באופן אישי, התוכנית הראשונה עדיפה בעיניי.	in your own opinion; by yourself	אִישִׁית; בְּאֹפֶן אִישִׁי	FALSE		single-entry
A	planet	Noun	A2-061	פְּלָנֶטָה; כּוֹכַב לֶכֶת	a large round object moving around a star	Earth is the third planet from the sun.	כדור הארץ הוא כוכב הלכת השלישי מהשמש.	a large round object moving around a star	פְּלָנֶטָה; כּוֹכַב לֶכֶת	FALSE		single-entry
A	planning	Noun	A1-066	תִּכְנוּן	the activity of deciding how to do something	Careful planning made the event successful.	תכנון קפדני תרם להצלחת האירוע.	the activity of deciding how to do something	תִּכְנוּן	FALSE		single-entry
A	plant	Verb	A1-026	לשתול	put a seed or young tree in the ground	We planted a tree in the school yard.	שתלנו עץ בחצר בית הספר.	put a seed or young tree in the ground	לשתול	FALSE		single-entry
A	point of view	Phrase	A2-037	נקודת מבט	a way of thinking about or seeing something	From my point of view, the rule is fair.	מנקודת המבט שלי, הכלל הוגן.	a way of thinking about or seeing something	נקודת מבט	FALSE		single-entry
A	policy	Noun	A2-030	מדיניות; כלל רשמי	an official plan or rule	The school has a clear phone policy.	לבית הספר יש מדיניות ברורה בנוגע לטלפונים.	an official plan or rule	מדיניות; כלל רשמי	FALSE		single-entry
A	pollution	Noun	A3-061	זִהוּם	harmful material in air, water or land	Traffic causes air pollution.	התנועה בכבישים גורמת לזיהום אוויר.	harmful material in air, water or land	זִהוּם	FALSE		single-entry
A	popular	Adjective	A1-020	פּוֹפּוּלָרִי; אָהוּד; מְפֻרְסָם	liked by many people; common	This game is popular with teenagers.	המשחק הזה פופולרי בקרב בני נוער.	liked by many people; common	פּוֹפּוּלָרִי; אָהוּד; מְפֻרְסָם	FALSE		single-entry
A	population	Noun	A2-078	אֻכְלוּסִיָּה	all the people living in an area	The city’s population is growing.	אוכלוסיית העיר גדלה.	all the people living in an area	אֻכְלוּסִיָּה	FALSE		single-entry
A	prevent	Verb	A3-017	מָנַע; עִכֵּב	stop something from happening	Seat belts help prevent injuries.	חגורות בטיחות עוזרות למנוע פציעות.	stop something from happening	מָנַע; עִכֵּב	FALSE		single-entry
A	priority	Noun	A1-037	עֲדִיפוּת; זְכוּת קְדִימָה	something more important than other things	Student safety is our first priority.	בטיחות התלמידים היא העדיפות הראשונה שלנו.	something more important than other things	עֲדִיפוּת; זְכוּת קְדִימָה	FALSE		single-entry
A	private	Adjective	A3-039	פְּרָטִי	not public; belonging to one person or company	This is a private conversation.	זוהי שיחה פרטית.	not public; belonging to one person or company	פְּרָטִי	FALSE		single-entry
A	probable	Adjective	A3-063	סָבִיר; מִסְתַּבֵּר; הֶגְיוֹנִי	likely to be true or happen	The probable cause was a broken wire.	הגורם הסביר היה חוט קרוע.	likely to be true or happen	סָבִיר; מִסְתַּבֵּר; הֶגְיוֹנִי	FALSE		single-entry
A	produce	Verb	A2-043	יִצֵּר; הֵפִיק; הוֹלִיד	make or create	The factory produces medical equipment.	המפעל מייצר ציוד רפואי.	make or create	יִצֵּר; הֵפִיק; הוֹלִיד	FALSE		single-entry
A	profession	Noun	A2-076	מִקְצוֹעַ; מִשְׁלַח יָד; פְּרוֹפֶסְיָה	a job that needs special training	Teaching is a demanding profession.	הוראה היא מקצוע תובעני.	a job that needs special training	מִקְצוֹעַ; מִשְׁלַח יָד; פְּרוֹפֶסְיָה	FALSE		single-entry
A	professor	Noun	A3-049	פְּרוֹפֶסוֹר	a senior teacher at a university	The professor answered the student’s question.	הפרופסור השיב על שאלת התלמיד.	a senior teacher at a university	פְּרוֹפֶסוֹר	FALSE		single-entry
A	proof	Noun	A1-001	הוכחה; ראיה	information showing that something is true	The photo provided proof of the damage.	התמונה סיפקה הוכחה לנזק.	information showing that something is true	הוכחה; ראיה	FALSE		single-entry
A	proposed	Adjective	A3-036	מוצע	suggested for people to consider	The proposed change will be discussed tomorrow.	השינוי המוצע יידון מחר.	suggested for people to consider	מוצע	FALSE		single-entry
A	protest	Noun	A2-079	מְחָאָה; הַתְרָסָה	a public show of strong disagreement	Hundreds joined the peaceful protest.	מאות הצטרפו למחאה לא אלימה.	a public show of strong disagreement	מְחָאָה; הַתְרָסָה	TRUE	A1-067	record-specific
A	protest	Verb	A1-067	מָחָה; הִתְרִיס; הִתְקוֹמֵם	show strong disagreement	Residents protested against the plan.	התושבים מחו נגד התוכנית.	show strong disagreement	מָחָה; הִתְרִיס; הִתְקוֹמֵם	TRUE	A2-079	record-specific
A	provided that	Phrase	A3-060	בתנאי ש־	only if a particular condition is met	You can borrow the bike provided that you return it today.	אתם יכולים לשאול את האופניים בתנאי שתחזירו אותם היום.	only if a particular condition is met	בתנאי ש־	FALSE		single-entry
A	psychology	Noun	A2-039	פְּסִיכוֹלוֹגְיָה	the study of the mind and behavior	She plans to study psychology.	היא מתכננת ללמוד פסיכולוגיה.	the study of the mind and behavior	פְּסִיכוֹלוֹגְיָה	FALSE		single-entry
A	public	Adjective	A1-045	צִבּוּרִי; כְּלָלִי	open to everyone; connected with government	The city opened a new public park.	העיר פתחה פארק ציבורי חדש.	open to everyone; connected with government	צִבּוּרִי; כְּלָלִי	FALSE		single-entry
A	purpose	Noun	A1-023	מַטָּרָה; תַּכְלִית; כַּוָּנָה	the reason for doing something	The purpose of the meeting is to share information.	מטרת הפגישה היא לשתף מידע.	the reason for doing something	מַטָּרָה; תַּכְלִית; כַּוָּנָה	FALSE		single-entry
A	quality	Noun	A1-069	אֵיכוּת; טִיב; תְּכוּנָה	how good something is; a feature	The product is known for its high quality.	המוצר ידוע באיכותו הגבוהה.	how good something is; a feature	אֵיכוּת; טִיב; תְּכוּנָה	FALSE		single-entry
A	question	Noun	A3-013	שְׁאֵלָה	something asked; a problem to discuss	The final question was difficult.	השאלה האחרונה הייתה קשה.	something asked; a problem to discuss	שְׁאֵלָה	TRUE	A1-018	record-specific
A	question	Verb	A1-018	תִּשְׁאֵל; פִּקְפֵּק; הֵטִיל סָפֵק	ask someone for information; doubt	Police questioned the driver.	המשטרה חקרה את הנהג.	ask someone for information; doubt	תִּשְׁאֵל; פִּקְפֵּק; הֵטִיל סָפֵק	TRUE	A3-013	record-specific
A	questionnaire	Noun	A1-051	שְׁאֵלוֹן	a written set of questions	Students completed a short questionnaire.	התלמידים מילאו שאלון קצר.	a written set of questions	שְׁאֵלוֹן	FALSE		single-entry
A	react	Verb	A3-066	הֵגִיב; עָנָה	respond to something	How did she react to the news?	איך היא הגיבה לחדשות?	respond to something	הֵגִיב; עָנָה	FALSE		single-entry
A	reasonable	Adjective	A1-028	הֶגְיוֹנִי; סָבִיר; מִתְקַבֵּל עַל הַדַּעַת	fair, sensible or not too expensive	The shop offered a reasonable price.	החנות הציעה מחיר סביר.	fair, sensible or not too expensive	הֶגְיוֹנִי; סָבִיר; מִתְקַבֵּל עַל הַדַּעַת	FALSE		single-entry
A	recommend	Verb	A1-010	להמליץ	say that something is good or suitable	I recommend this book to beginners.	אני ממליץ על הספר הזה למתחילים.	say that something is good or suitable	להמליץ	FALSE		single-entry
A	recycle	Verb	A3-078	מִחְזֵר	process used material so it can be used again	Please recycle the empty bottles.	נא למחזר את הבקבוקים הריקים.	process used material so it can be used again	מִחְזֵר	FALSE		single-entry
A	regard	Noun	A3-072	כבוד; הערכה; התייחסות	respect or attention	She has great regard for her teacher.	היא רוחשת כבוד רב למורה שלה.	respect or attention	כבוד; הערכה; התייחסות	TRUE	A3-042	record-specific
A	regard	Verb	A3-042	לראות כ־; להחשיב; להתייחס	consider or think of in a certain way	Many people regard exercise as important.	אנשים רבים רואים בפעילות גופנית דבר חשוב.	consider or think of in a certain way	לראות כ־; להחשיב; להתייחס	TRUE	A3-072	record-specific
A	region	Noun	A1-043	אֵזוֹר; תְּחוּם	a large area of a country or the world	The northern region receives more rain.	באזור הצפוני יורד יותר גשם.	a large area of a country or the world	אֵזוֹר; תְּחוּם	FALSE		single-entry
A	regular	Adjective	A3-052	רָגִיל; רֶגוּלָרִי; סָדִיר	normal; happening at fixed times	Regular exercise is good for your health.	פעילות גופנית סדירה טובה לבריאותכם.	normal; happening at fixed times	רָגִיל; רֶגוּלָרִי; סָדִיר	FALSE		single-entry
A	relevant	Adjective	A1-048	רֶלֶוַנְטִי; קָשׁוּר; שַׁיָּךְ	connected with the subject	Include only relevant information.	כללו רק מידע רלוונטי.	connected with the subject	רֶלֶוַנְטִי; קָשׁוּר; שַׁיָּךְ	FALSE		single-entry
A	reliable	Adjective	A1-063	אָמִין; מְהֵימָן	able to be trusted or depended on	We need a reliable source of information.	אנחנו זקוקים למקור מידע אמין.	able to be trusted or depended on	אָמִין; מְהֵימָן	FALSE		single-entry
A	rely on/upon	Phrase	A2-027	להסתמך על; לסמוך על	depend on or trust someone or something	You can rely on her to keep her promise.	אתם יכולים לסמוך עליה שתקיים את הבטחתה.	depend on or trust someone or something	להסתמך על; לסמוך על	FALSE		single-entry
A	request	Noun	A3-065	בַּקָּשָׁה	a polite or official ask for something	The manager accepted our request.	המנהל נענה לבקשתנו.	a polite or official ask for something	בַּקָּשָׁה	TRUE	A1-062	record-specific
A	request	Verb	A1-062	בִּקֵּשׁ	ask for something politely or officially	You may request extra time.	אתם רשאים לבקש זמן נוסף.	ask for something politely or officially	בִּקֵּשׁ	TRUE	A3-065	record-specific
A	research	Noun	A2-011	מֶחְקָר; חֲקִירָה	careful study to discover facts	The project is based on scientific research.	הפרויקט מבוסס על מחקר מדעי.	careful study to discover facts	מֶחְקָר; חֲקִירָה	TRUE	A1-071	record-specific
A	research	Verb	A1-071	חָקַר	study carefully to discover facts	Students researched the history of the town.	התלמידים חקרו את תולדות העיירה.	study carefully to discover facts	חָקַר	TRUE	A2-011	record-specific
A	result	Noun	A3-010	תּוֹצָאָה; פְּרִי	what happens because of an action or event	The result of the test was encouraging.	תוצאת המבחן הייתה מעודדת.	what happens because of an action or event	תּוֹצָאָה; פְּרִי	FALSE		single-entry
A	review	Noun	A2-026	סְקִירָה; בִּקֹּרֶת	an examination or written opinion	I read a positive review of the film.	קראתי ביקורת חיובית על הסרט.	an examination or written opinion	סְקִירָה; בִּקֹּרֶת	TRUE	A2-057	record-specific
A	review	Verb	A2-057	סָקַר; בָּחַן; שָׁקַל מחדש	examine again; give an opinion	Please review your answers before submitting.	נא לעבור על תשובותיכם לפני ההגשה.	examine again; give an opinion	סָקַר; בָּחַן; שָׁקַל מחדש	TRUE	A2-026	record-specific
A	revise	Verb	A1-033	הִגִּיהַּ; תִּקֵּן; שִׁפֵּר	study again or make changes	I need to revise for tomorrow’s test.	אני צריך לחזור על החומר למבחן של מחר.	study again or make changes	הִגִּיהַּ; תִּקֵּן; שִׁפֵּר	FALSE		single-entry
A	risk	Noun	A1-025	סִכּוּן; סַכָּנָה	a chance that something harmful may happen	Driving too fast is a serious risk.	נהיגה מהירה מדי היא סיכון רציני.	a chance that something harmful may happen	סִכּוּן; סַכָּנָה	TRUE	A3-008	record-specific
A	risk	Verb	A3-008	סִכֵּן	do something that may cause harm or loss	Do not risk your safety.	אל תסכנו את בטיחותכם.	do something that may cause harm or loss	סִכֵּן	TRUE	A1-025	record-specific
A	run out of	Phrase	A1-005	להיגמר; לא להישאר עם	use all of something so that none remains	We ran out of milk this morning.	נגמר לנו החלב הבוקר.	use all of something so that none remains	להיגמר; לא להישאר עם	FALSE		single-entry
A	rural	Adjective	A3-027	כַּפְרִי	connected with the countryside	They live in a rural area.	הם גרים באזור כפרי.	connected with the countryside	כַּפְרִי	FALSE		single-entry
A	salary	Noun	A3-076	שָׂכָר; מַשְׂכֹּרֶת	money paid regularly for work	Her monthly salary increased.	המשכורת החודשית שלה עלתה.	money paid regularly for work	שָׂכָר; מַשְׂכֹּרֶת	FALSE		single-entry
A	sample	Noun	A2-075	דֻּגְמָה; דְּגִימָה; מִדְגָּם	a small part used to represent the whole	The doctor tested a blood sample.	הרופא בדק דגימת דם.	a small part used to represent the whole	דֻּגְמָה; דְּגִימָה; מִדְגָּם	FALSE		single-entry
A	seldom	Adverb	A2-012	לְעִתִּים רְחוֹקוֹת	not often	We seldom watch television during dinner.	אנחנו צופים בטלוויזיה לעיתים רחוקות בזמן ארוחת הערב.	not often	לְעִתִּים רְחוֹקוֹת	FALSE		single-entry
A	sense	Noun	A2-020	חוש; תחושה; משמעות	good judgment; a feeling or meaning	It makes sense to check the weather first.	הגיוני לבדוק תחילה את מזג האוויר.	good judgment; a feeling or meaning	חוש; תחושה; משמעות	FALSE		single-entry
A	set up	Phrase	A1-014	להקים; לארגן	start or arrange something for use	The students set up a new reading club.	התלמידים הקימו מועדון קריאה חדש.	start or arrange something for use	להקים; לארגן	FALSE		single-entry
A	significant	Adjective	A2-006	מַשְׁמָעוּתִי; בַּעַל מַשְׁמָעוּת; חָשׁוּב	important or large enough to notice	There was a significant improvement in her score.	חל שיפור משמעותי בציון שלה.	important or large enough to notice	מַשְׁמָעוּתִי; בַּעַל מַשְׁמָעוּת; חָשׁוּב	FALSE		single-entry
A	skilled	Adjective	A1-030	מְיֻמָּן; מְנֻסֶּה	having training and ability	A skilled worker repaired the machine.	עובד מיומן תיקן את המכונה.	having training and ability	מְיֻמָּן; מְנֻסֶּה	FALSE		single-entry
A	slight	Adjective	A1-073	מוּעָט; דַּל; זָעוּם	small and not serious	There was a slight delay.	היה עיכוב קל.	small and not serious	מוּעָט; דַּל; זָעוּם	FALSE		single-entry
A	specialist	Noun	A1-053	מֻמְחֶה; סְפֶּצְיָאלִיסְט	a person with expert knowledge in one area	The doctor sent her to a heart specialist.	הרופא הפנה אותה למומחה ללב.	a person with expert knowledge in one area	מֻמְחֶה; סְפֶּצְיָאלִיסְט	FALSE		single-entry
A	specific	Adjective	A2-034	מֻגְדָּר; מְסֻיָּם; מְיֻחָד	clear and exact; particular	Please give a specific example.	נא לתת דוגמה מסוימת.	clear and exact; particular	מֻגְדָּר; מְסֻיָּם; מְיֻחָד	FALSE		single-entry
A	still	Adverb	A2-068	עֲדַיִן; אַף-עַל-פִּי-כֵן; לַמְרוֹת זֹאת	continuing until now; even so	It was late, but she was still working.	השעה הייתה מאוחרת, אבל היא עדיין עבדה.	continuing until now; even so	עֲדַיִן; אַף-עַל-פִּי-כֵן; לַמְרוֹת זֹאת	FALSE		single-entry
A	structure	Noun	A1-032	מִבְנֶה; סְטְרוּקְטוּרָה	the way parts are arranged	The essay has a clear structure.	לחיבור יש מבנה ברור.	the way parts are arranged	מִבְנֶה; סְטְרוּקְטוּרָה	FALSE		single-entry
A	study	Noun	A2-050	לִמּוּד; לְמִידָה; מֶחְקָר	learning or a piece of research	The study found that sleep improves memory.	המחקר מצא ששינה משפרת את הזיכרון.	learning or a piece of research	לִמּוּד; לְמִידָה; מֶחְקָר	TRUE	A2-056	record-specific
A	study	Verb	A2-056	לָמַד; חָקַר; עִיֵּן	learn about or examine carefully	She studies English every evening.	היא לומדת אנגלית מדי ערב.	learn about or examine carefully	לָמַד; חָקַר; עִיֵּן	TRUE	A2-050	record-specific
A	supposed	Adjective	A3-051	אמור; לכאורה; משוער	believed or expected to be true	The supposed expert gave poor advice.	המומחה לכאורה נתן עצה גרועה.	believed or expected to be true	אמור; לכאורה; משוער	FALSE		single-entry
A	surface	Noun	A2-009	פְּנֵי הַשֶּׁטַח; מִשְׁטָח; שֶׁטַח	the outside or top layer	The table has a smooth surface.	לשולחן יש משטח חלק.	the outside or top layer	פְּנֵי הַשֶּׁטַח; מִשְׁטָח; שֶׁטַח	FALSE		single-entry
A	take advantage of	Phrase	A1-006	לנצל הזדמנות או יתרון	use an opportunity in a helpful way	We took advantage of the sunny day and went outside.	ניצלנו את היום השמשי ויצאנו החוצה.	use an opportunity in a helpful way	לנצל הזדמנות או יתרון	FALSE		single-entry
A	thanks to	Phrase	A1-064	הודות ל־	because of someone or something helpful	Thanks to your help, we finished on time.	הודות לעזרתכם, סיימנו בזמן.	because of someone or something helpful	הודות ל־	FALSE		single-entry
A	theory	Noun	A2-045	תֵּאוֹרְיָה; מערכת הנחות	an idea that explains how or why something happens	The evidence supports the theory.	הראיות תומכות בתאוריה.	an idea that explains how or why something happens	תֵּאוֹרְיָה; מערכת הנחות	FALSE		single-entry
A	throw away/out	Phrase	A2-053	לזרוק; להשליך	get rid of something that is not wanted	Do not throw away the empty bottle; recycle it.	אל תזרקו את הבקבוק הריק; מחזרו אותו.	get rid of something that is not wanted	לזרוק; להשליך	FALSE		single-entry
A	transport	Noun	A2-065	תחבורה; הובלה	a system for moving people or goods	Public transport is cheaper than driving.	תחבורה ציבורית זולה יותר מנהיגה.	a system for moving people or goods	תחבורה; הובלה	TRUE	A1-024	record-specific
A	transport	Verb	A1-024	להעביר; להוביל	carry people or goods to another place	Trucks transport food across the country.	משאיות מובילות מזון ברחבי המדינה.	carry people or goods to another place	להעביר; להוביל	TRUE	A2-065	record-specific
A	trash	Noun	A2-060	אשפה; זבל	things that are thrown away	Put the trash in the bin.	שימו את האשפה בפח.	things that are thrown away	אשפה; זבל	FALSE		single-entry
A	treatment	Noun	A2-052	טיפול; יחס	medical care; the way someone is dealt with	The patient received immediate treatment.	המטופל קיבל טיפול מיידי.	medical care; the way someone is dealt with	טיפול; יחס	FALSE		single-entry
A	unfortunately	Adverb	A3-019	לְמַרְבֵּה הַצַּעַר; לרוע המזל	used to say that something is sad or disappointing	Unfortunately, the event was canceled.	למרבה הצער, האירוע בוטל.	used to say that something is sad or disappointing	לְמַרְבֵּה הַצַּעַר; לרוע המזל	FALSE		single-entry
A	unhealthy	Adjective	A2-021	שמזיק לבריאות; שאינו בריא	not good for the body or mind	Too much sugar is unhealthy.	יותר מדי סוכר אינו בריא.	not good for the body or mind	שמזיק לבריאות; שאינו בריא	FALSE		single-entry
A	unique	Adjective	A1-011	יִחוּדִי; יָחִיד בְּמִינוֹ; יָחִיד וּמְיֻחָד	the only one of its kind; very unusual	Each person has a unique voice.	לכל אדם יש קול ייחודי.	the only one of its kind; very unusual	יִחוּדִי; יָחִיד בְּמִינוֹ; יָחִיד וּמְיֻחָד	FALSE		single-entry
A	united	Adjective	A3-062	מְאֻחָד; מְלֻכָּד	joined together for the same purpose	The community remained united.	הקהילה נותרה מאוחדת.	joined together for the same purpose	מְאֻחָד; מְלֻכָּד	FALSE		single-entry
A	universe	Noun	A3-033	יְקוּם; עוֹלָם	all space, matter and energy	Scientists study the age of the universe.	מדענים חוקרים את גילו של היקום.	all space, matter and energy	יְקוּם; עוֹלָם	FALSE		single-entry
A	unknown	Adjective	A2-080	בִּלְתִּי יָדוּעַ	not known	The cause of the problem is unknown.	הגורם לבעיה אינו ידוע.	not known	בִּלְתִּי יָדוּעַ	FALSE		single-entry
A	unlike	Preposition	A3-053	בניגוד ל־; שלא כמו	different from another person or thing	Unlike his friends, he enjoys cooking.	שלא כמו חבריו, הוא נהנה לבשל.	different from another person or thing	בניגוד ל־; שלא כמו	FALSE		single-entry
A	unlikely	Adjective	A1-060	בִּלְתִּי סָבִיר	not expected to happen or be true	Rain is unlikely today.	לא סביר שירד גשם היום.	not expected to happen or be true	בִּלְתִּי סָבִיר	FALSE		single-entry
A	urban	Adjective	A3-037	עִירוֹנִי	connected with a city	The project studies urban life.	הפרויקט עוסק בחיים עירוניים.	connected with a city	עִירוֹנִי	FALSE		single-entry
A	vary	Verb	A2-046	הִשְׁתַּנָּה; הִתְגַּוֵּן	be different or change	Prices vary from shop to shop.	המחירים משתנים מחנות לחנות.	be different or change	הִשְׁתַּנָּה; הִתְגַּוֵּן	FALSE		single-entry
A	view	Noun	A3-043	דעה; השקפה; נוף	an opinion; what can be seen	The room has a beautiful view of the sea.	מהחדר נשקף נוף יפה של הים.	an opinion; what can be seen	דעה; השקפה; נוף	FALSE		single-entry
A	visible	Adjective	A3-045	נראה לעין; ניתן לראות	able to be seen	The mountains were clearly visible.	אפשר היה לראות את ההרים בבירור.	able to be seen	נראה לעין; ניתן לראות	FALSE		single-entry
A	vision	Noun	A1-035	רְאִיָּה; דְּמוּת; חָזוֹן	the ability to see; an idea for the future	The leader shared her vision for the school.	המנהיגה הציגה את חזונה לבית הספר.	the ability to see; an idea for the future	רְאִיָּה; דְּמוּת; חָזוֹן	FALSE		single-entry
A	volume	Noun	A3-046	נפח; כרך; עוצמת קול	amount; level of sound; one book in a series	Please turn down the volume.	נא להנמיך את עוצמת הקול.	amount; level of sound; one book in a series	נפח; כרך; עוצמת קול	FALSE		single-entry
A	whom	Pronoun	A3-005	את מי; למי	used instead of ’who’ as the object of a verb or preposition	Whom did you invite to the meeting?	את מי הזמנתם לפגישה?	used instead of ’who’ as the object of a verb or preposition	את מי; למי	FALSE		single-entry
A	wildlife	Noun	A1-009	חַיּוֹת בַּר; צמחיית בר; טֶבַע	animals and plants living in nature	The park protects local wildlife.	הפארק מגן על חיות הבר המקומיות.	animals and plants living in nature	חַיּוֹת בַּר; צמחיית בר; טֶבַע	FALSE		single-entry
A	within	Adverb	A1-057	בפנים; בתוך הגבול	inside a place or before a limit is reached	The sound came from within.	הקול הגיע מבפנים.	inside a place or before a limit is reached	בפנים; בתוך הגבול	TRUE	A3-011	record-specific
A	within	Preposition	A3-011	בתוך; תוך	inside a place, time or limit	Please reply within three days.	נא להשיב בתוך שלושה ימים.	inside a place, time or limit	בתוך; תוך	TRUE	A1-057	record-specific
A	worthwhile	Adjective	A1-078	כְּדָאִי; מִשְׁתַּלֵּם	valuable enough to be worth the time or effort	The course was difficult but worthwhile.	הקורס היה קשה אך כדאי.	valuable enough to be worth the time or effort	כְּדָאִי; מִשְׁתַּלֵּם	FALSE		single-entry
A	would	Verb	A3-071	היה; היה רוצה; פועל עזר	used for the past form of ’will’ or to speak politely	She said she would call later.	היא אמרה שהיא תתקשר מאוחר יותר.	used for the past form of ’will’ or to speak politely	היה; היה רוצה; פועל עזר	FALSE		single-entry
B	above	Adjective	B1-012	הנזכר לעיל; שלמעלה	written or mentioned earlier on the page	Read the above instructions carefully.	קראו בעיון את ההוראות שלעיל.	written or mentioned earlier on the page	הנזכר לעיל; שלמעלה	FALSE		single-entry
B	account	Noun	B3-071	חֶשְׁבּוֹן; דִּין וְחֶשְׁבּוֹן; דו"ח	a written or spoken report; a bank arrangement	The witness gave a clear account of what happened.	העד מסר תיאור ברור של מה שקרה.	a written or spoken report; a bank arrangement	חֶשְׁבּוֹן; דִּין וְחֶשְׁבּוֹן; דו"ח	FALSE		single-entry
B	acquire	Verb	B1-020	רָכַשׁ; הִשִּׂיג	get or learn something	Students acquire new skills through practice.	תלמידים רוכשים מיומנויות חדשות באמצעות תרגול.	get or learn something	רָכַשׁ; הִשִּׂיג	FALSE		single-entry
B	age	Noun	B1-035	גִּיל; תְּקוּפָה	the number of years someone has lived	Children can join the course at the age of twelve.	ילדים יכולים להצטרף לקורס בגיל שתים עשרה.	the number of years someone has lived	גִּיל; תְּקוּפָה	FALSE		single-entry
B	agriculture	Noun	B2-014	חַקְלָאוּת	the work of growing crops and raising animals	Agriculture is important to the local economy.	החקלאות חשובה לכלכלה המקומית.	the work of growing crops and raising animals	חַקְלָאוּת	FALSE		single-entry
B	all of a sudden	Phrase	B2-017	לפתע; פתאום	very suddenly and without warning	All of a sudden, the lights went out.	לפתע כבו האורות.	very suddenly and without warning	לפתע; פתאום	FALSE		single-entry
B	altogether	Adverb	B3-002	בסך הכול; לגמרי	completely; in total	There were twenty students altogether.	בסך הכול היו עשרים תלמידים.	completely; in total	בסך הכול; לגמרי	FALSE		single-entry
B	anxious	Adjective	B1-024	חָרֵד; לָהוּט	worried or nervous	She felt anxious before the interview.	היא חשה חרדה לפני הריאיון.	worried or nervous	חָרֵד; לָהוּט	FALSE		single-entry
B	apparent	Adjective	B3-049	גָּלוּי; גָּלוּי לָעַיִן; נִרְאֶה	easy to notice or understand	It became apparent that we needed more time.	התברר שאנחנו זקוקים לזמן נוסף.	easy to notice or understand	גָּלוּי; גָּלוּי לָעַיִן; נִרְאֶה	FALSE		single-entry
B	appropriate	Adjective	B1-074	הוֹלֵם; מַתְאִים	right or suitable for a situation	Wear appropriate shoes for the long walk.	נעלו נעליים מתאימות להליכה הארוכה.	right or suitable for a situation	הוֹלֵם; מַתְאִים	FALSE		single-entry
B	atmosphere	Noun	B2-010	אַטְמוֹסְפֶרָה; שכבת גזים העוטפת כוכבים; אֲוִירָה	the air around a planet; the feeling in a place	The café has a warm and friendly atmosphere.	בבית הקפה יש אווירה חמה וידידותית.	the air around a planet; the feeling in a place	אַטְמוֹסְפֶרָה; שכבת גזים העוטפת כוכבים; אֲוִירָה	FALSE		single-entry
B	automatically	Adverb	B2-032	אוֹטוֹמָטִית; באופן אוטומטי	by itself, without a person controlling it	The lights turn off automatically.	האורות כבים באופן אוטומטי.	by itself, without a person controlling it	אוֹטוֹמָטִית; באופן אוטומטי	FALSE		single-entry
B	bad	Adjective	B2-057	רַע; שְׁלִילִי; גָּרוּעַ	not good; unpleasant or harmful	Too little sleep is bad for your health.	שינה מועטה מדי מזיקה לבריאותכם.	not good; unpleasant or harmful	רַע; שְׁלִילִי; גָּרוּעַ	FALSE		single-entry
B	be in charge	Phrase	B3-066	להיות אחראי; להיות ממונה	have control or responsibility for something	She is in charge of the school library.	היא ממונה על ספריית בית הספר.	have control or responsibility for something	להיות אחראי; להיות ממונה	FALSE		single-entry
B	be situated in/on/by	Phrase	B1-065	להימצא; להיות ממוקם	be in a particular place	The hotel is situated by the sea.	המלון ממוקם ליד הים.	be in a particular place	להימצא; להיות ממוקם	FALSE		single-entry
B	behind	Adverb	B3-026	מאחור; בפיגור	at the back or making less progress than others	After missing a week, he fell behind.	לאחר שהחמיץ שבוע, הוא נשאר מאחור.	at the back or making less progress than others	מאחור; בפיגור	FALSE		single-entry
B	believe in	Phrase	B3-064	להאמין ב־	think that someone or something is good, true or real	I believe in giving everyone a fair chance.	אני מאמין במתן הזדמנות הוגנת לכולם.	think that someone or something is good, true or real	להאמין ב־	FALSE		single-entry
B	blame	Noun	B3-078	אַשְׁמָה; אָשָׁם	responsibility for a mistake or harmful event	The driver accepted the blame for the accident.	הנהג קיבל עליו את האשמה בתאונה.	responsibility for a mistake or harmful event	אַשְׁמָה; אָשָׁם	FALSE		single-entry
B	block	Verb	B1-019	חָסַם; עָצַר	stop movement or prevent progress	A fallen tree blocked the road.	עץ שנפל חסם את הכביש.	stop movement or prevent progress	חָסַם; עָצַר	FALSE		single-entry
B	brilliant	Adjective	B2-018	מבריק; מצוין; חכם מאוד	very clever, bright or excellent	She had a brilliant idea for the project.	היה לה רעיון מבריק לפרויקט.	very clever, bright or excellent	מבריק; מצוין; חכם מאוד	TRUE	C3-025	record-specific
B	bring up	Phrase	B3-006	להעלות נושא; לגדל	mention a subject or raise a child	She brought up an important question during the meeting.	היא העלתה שאלה חשובה במהלך הפגישה.	mention a subject or raise a child	להעלות נושא; לגדל	FALSE		single-entry
B	calculate	Verb	B3-067	חִשֵּׁב	find an amount by using numbers	We calculated the total cost of the trip.	חישבנו את העלות הכוללת של הטיול.	find an amount by using numbers	חִשֵּׁב	FALSE		single-entry
B	clothing	Noun	B2-027	הַלְבָּשָׁה; בִּגּוּד	things people wear	Bring warm clothing for the evening.	הביאו בגדים חמים לערב.	things people wear	הַלְבָּשָׁה; בִּגּוּד	FALSE		single-entry
B	competitive	Adjective	B1-069	תַּחֲרוּתִי	wanting to win; involving people trying to win	The two teams played a competitive match.	שתי הקבוצות שיחקו זו מול זו במשחק תחרותי.	wanting to win; involving people trying to win	תַּחֲרוּתִי	FALSE		single-entry
B	contemporary	Adjective	B2-063	בֶּן-זְמַנֵּנוּ; עַכְשָׁוִי; מוֹדֶרְנִי	belonging to the present time	The museum displays contemporary art.	המוזיאון מציג אמנות עכשווית.	belonging to the present time	בֶּן-זְמַנֵּנוּ; עַכְשָׁוִי; מוֹדֶרְנִי	FALSE		single-entry
B	contest	Noun	B2-075	תַּחֲרוּת	an event in which people try to win	Our class entered a writing contest.	הכיתה שלנו השתתפה בתחרות כתיבה.	an event in which people try to win	תַּחֲרוּת	FALSE		single-entry
B	continent	Noun	B3-057	יַבֶּשֶׁת; קוֹנְטִינֶנְט	one of the world’s main large land areas	Africa is the second-largest continent.	אפריקה היא היבשת השנייה בגודלה.	one of the world’s main large land areas	יַבֶּשֶׁת; קוֹנְטִינֶנְט	FALSE		single-entry
B	copy	Noun	B1-029	הֶעְתֵּק; קוֹפִּי	something made to be the same as another	Please keep a copy of the form.	נא לשמור עותק של הטופס.	something made to be the same as another	הֶעְתֵּק; קוֹפִּי	FALSE		single-entry
B	criterion	Noun	B2-040	קְרִיטֶרְיוֹן; אַמַּת מִדָּה; אֶבֶן בֹּחַן	a standard used to make a decision	Price was an important criterion in our choice.	המחיר היה שיקול חשוב בבחירה שלנו.	a standard used to make a decision	קְרִיטֶרְיוֹן; אַמַּת מִדָּה; אֶבֶן בֹּחַן	FALSE		single-entry
B	cut down	Phrase	B3-008	להפחית; לכרות	reduce an amount or make a tree fall	We should cut down the amount of plastic we use.	עלינו לצמצם את כמות הפלסטיק שאנו משתמשים בו.	reduce an amount or make a tree fall	להפחית; לכרות	FALSE		single-entry
B	decade	Noun	B3-004	עָשׂוֹר	a period of ten years	The city changed greatly during the last decade.	העיר השתנתה מאוד במהלך העשור האחרון.	a period of ten years	עָשׂוֹר	FALSE		single-entry
B	declare	Verb	B1-057	הִצְהִיר; הִכְרִיז	announce something clearly or officially	The judge declared the winner.	השופט הכריז על הזוכה.	announce something clearly or officially	הִצְהִיר; הִכְרִיז	FALSE		single-entry
B	degree	Noun	B3-012	מידה; דרגה; תואר	an amount or level; a university qualification	The plan succeeded to a surprising degree.	התוכנית הצליחה במידה מפתיעה.	an amount or level; a university qualification	מידה; דרגה; תואר	FALSE		single-entry
B	deliver	Verb	B1-071	שָׁלַח; מָסַר; הֶעֱבִיר	take something to a person or place; give a speech	The company will deliver the package tomorrow.	החברה תמסור את החבילה מחר.	take something to a person or place; give a speech	שָׁלַח; מָסַר; הֶעֱבִיר	FALSE		single-entry
B	demanding	Adjective	B1-064	תּוֹבְעָנִי	needing a lot of time, effort or skill	Teaching can be a demanding job.	הוראה יכולה להיות עבודה תובענית.	needing a lot of time, effort or skill	תּוֹבְעָנִי	FALSE		single-entry
B	detect	Verb	B2-073	גִּלָּה; הִבְחִין	notice or discover something difficult to see	The test can detect the disease early.	הבדיקה יכולה לזהות את המחלה בשלב מוקדם.	notice or discover something difficult to see	גִּלָּה; הִבְחִין	FALSE		single-entry
B	determine	Verb	B3-033	קָבַע; הֶחְלִיט	discover or decide something	The results will determine who reaches the final.	התוצאות יקבעו מי יגיע לגמר.	discover or decide something	קָבַע; הֶחְלִיט	FALSE		single-entry
B	differ	Verb	B2-022	נִבְדַּל; הִתְוַכֵּחַ	be unlike or have another opinion	The two plans differ in cost.	שתי התוכניות שונות בעלותן.	be unlike or have another opinion	נִבְדַּל; הִתְוַכֵּחַ	FALSE		single-entry
B	disappointed	Adjective	B2-041	מְאֻכְזָב	sad because something was not as good as hoped	We were disappointed by the result.	התאכזבנו מהתוצאה.	sad because something was not as good as hoped	מְאֻכְזָב	FALSE		single-entry
B	divide	Verb	B3-010	חִלֵּק; פִּצֵּל; סִוֵּג	separate into parts or groups	Divide the class into four teams.	חלקו את הכיתה לארבע קבוצות.	separate into parts or groups	חִלֵּק; פִּצֵּל; סִוֵּג	FALSE		single-entry
B	domestic	Adjective	B1-060	בֵּיתִי; פְּנִימִי; מְקוֹמִי	connected with one country or with the home	Domestic flights are often shorter than international ones.	טיסות פנים הן לעיתים קרובות קצרות יותר מטיסות בין־לאומיות.	connected with one country or with the home	בֵּיתִי; פְּנִימִי; מְקוֹמִי	FALSE		single-entry
B	done	Adjective	B2-061	גָּמוּר; עָשׂוּי	finished or completed	The work is done, so we can go home.	העבודה הסתיימה, ולכן אנחנו יכולים ללכת הביתה.	finished or completed	גָּמוּר; עָשׂוּי	FALSE		single-entry
B	double	Adverb	B2-029	כָּפוּל; כִּפְלַיִם	twice as much or as many	This box weighs double the other one.	הארגז הזה שוקל פי שניים מהארגז האחר.	twice as much or as many	כָּפוּל; כִּפְלַיִם	TRUE	B3-076	record-specific
B	double	Verb	B3-076	הִכְפִּיל	make or become twice as much	The school hopes to double the number of books.	בית הספר מקווה להכפיל את מספר הספרים.	make or become twice as much	הִכְפִּיל	TRUE	B2-029	record-specific
B	economical	Adjective	B2-026	חַסְכָנִי; אֶקוֹנוֹמִי	using little money, fuel or time	This small car is economical to run.	המכונית הקטנה הזאת חסכונית לתפעול.	using little money, fuel or time	חַסְכָנִי; אֶקוֹנוֹמִי	FALSE		single-entry
B	editor	Noun	B3-039	עוֹרֵךְ	a person who prepares text, film or sound for publication	The editor corrected the article before publication.	העורך תיקן את המאמר לפני פרסומו.	a person who prepares text, film or sound for publication	עוֹרֵךְ	FALSE		single-entry
B	either way	Phrase	B2-068	בכל מקרה; כך או כך	used when the result is the same in both cases	We can walk or take the bus; either way, we will arrive.	אנחנו יכולים ללכת ברגל או לנסוע באוטובוס; כך או כך, נגיע.	used when the result is the same in both cases	בכל מקרה; כך או כך	FALSE		single-entry
B	element	Noun	B1-063	יְסוֹד; אֶלֶמֶנְט; רְכִיב	a basic or important part	Trust is an essential element of friendship.	אמון הוא מרכיב חיוני בידידות.	a basic or important part	יְסוֹד; אֶלֶמֶנְט; רְכִיב	FALSE		single-entry
B	emerge	Verb	B2-053	צָף; עָלָה; צָץ	come out or become known	New facts emerged during the investigation.	עובדות חדשות התגלו במהלך החקירה.	come out or become known	צָף; עָלָה; צָץ	FALSE		single-entry
B	emotion	Noun	B2-042	רֶגֶשׁ; רִגּוּשׁ; אֶמוֹצְיָה	a strong feeling such as joy, fear or anger	Music can express deep emotion.	מוזיקה יכולה לבטא רגש עמוק.	a strong feeling such as joy, fear or anger	רֶגֶשׁ; רִגּוּשׁ; אֶמוֹצְיָה	FALSE		single-entry
B	exception	Noun	B1-009	יוֹצֵא מִן הַכְּלָל; חָרִיג	a person or thing not included in a general rule	Everyone arrived on time, with one exception.	כולם הגיעו בזמן, למעט אדם אחד.	a person or thing not included in a general rule	יוֹצֵא מִן הַכְּלָל; חָרִיג	FALSE		single-entry
B	exchange	Verb	B1-078	הֵמִיר; הֶחְלִיף	give one thing and receive another	The students exchanged ideas after the talk.	התלמידים החליפו רעיונות לאחר ההרצאה.	give one thing and receive another	הֵמִיר; הֶחְלִיף	FALSE		single-entry
B	expected	Adjective	B3-018	צפוי	believed or planned to happen	The expected rain began in the afternoon.	הגשם הצפוי החל לרדת אחר הצהריים.	believed or planned to happen	צפוי	FALSE		single-entry
B	expedition	Noun	B1-014	משלחת; מסע מאורגן	an organized journey for a special purpose	The team went on an expedition to study the forest.	הצוות יצא למשלחת לחקר היער.	an organized journey for a special purpose	משלחת; מסע מאורגן	FALSE		single-entry
B	expense	Noun	B1-027	הוֹצָאָה; מְחִיר	money needed or spent	The hotel was our largest expense.	המלון היה ההוצאה הגדולה ביותר שלנו.	money needed or spent	הוֹצָאָה; מְחִיר	FALSE		single-entry
B	export	Noun	B2-025	יְצוּא; אֶקְסְפּוֹרְט	goods sent to another country for sale	Fruit is an important export for the region.	פירות הם מוצר יצוא חשוב לאזור.	goods sent to another country for sale	יְצוּא; אֶקְסְפּוֹרְט	TRUE	B3-041	record-specific
B	export	Verb	B3-041	יִצֵּא	send goods to another country for sale	The company exports fruit to Europe.	החברה מייצאת פירות לאירופה.	send goods to another country for sale	יִצֵּא	TRUE	B2-025	record-specific
B	expression	Noun	B2-065	הַבָּעָה; מַבָּע; בִּטּוּי	a phrase; a way of showing a feeling or idea	Her expression showed that she was surprised.	הבעת פניה הראתה שהיא הופתעה.	a phrase; a way of showing a feeling or idea	הַבָּעָה; מַבָּע; בִּטּוּי	FALSE		single-entry
B	extend	Verb	B2-048	הֶאֱרִיךְ; הִתְרַחֵב; הִשְׂתָּרֵעַ	make longer or larger; reach out	The school extended the deadline by two days.	בית הספר האריך את המועד האחרון ביומיים.	make longer or larger; reach out	הֶאֱרִיךְ; הִתְרַחֵב; הִשְׂתָּרֵעַ	FALSE		single-entry
B	extreme	Adjective	B3-077	קִיצוֹנִי	very great, serious or far from normal	Avoid exercise in extreme heat.	הימנעו מפעילות גופנית בחום קיצוני.	very great, serious or far from normal	קִיצוֹנִי	FALSE		single-entry
B	farther/further	Adjective	B3-040	רחוק יותר; נוסף	more distant or additional	Please contact us if you need further information.	נא ליצור איתנו קשר אם אתם זקוקים למידע נוסף.	more distant or additional	רחוק יותר; נוסף	TRUE	B3-007	record-specific
B	farther/further	Adverb	B3-007	רחוק יותר; הלאה	to a greater distance or degree	We walked farther than we had planned.	הלכנו רחוק יותר מכפי שתכננו.	to a greater distance or degree	רחוק יותר; הלאה	TRUE	B3-040	record-specific
B	fed up	Phrase	B3-009	נמאס; עייף ומוטרד	tired and annoyed because something continued too long	He was fed up with waiting.	נמאס לו לחכות.	tired and annoyed because something continued too long	נמאס; עייף ומוטרד	FALSE		single-entry
B	fetch	Verb	B1-045	להביא; ללכת להביא	go to get someone or something and bring them back	Could you fetch a glass of water for me?	האם תוכל להביא לי כוס מים?	go to get someone or something and bring them back	להביא; ללכת להביא	FALSE		single-entry
B	final	Noun	B1-048	גמר; שלב אחרון	the last game, test or stage in a series	Our team reached the final.	הקבוצה שלנו הגיעה לגמר.	the last game, test or stage in a series	גמר; שלב אחרון	FALSE		single-entry
B	fit	Adjective	B1-021	בכושר	healthy; suitable for a purpose	She exercises every day to stay fit.	היא מתעמלת מדי יום כדי לשמור על כושר.	healthy; suitable for a purpose	בכושר	FALSE		single-entry
B	generation	Noun	B2-043	דור	people born at about the same time	The younger generation uses technology differently.	הדור הצעיר משתמש בטכנולוגיה באופן שונה.	people born at about the same time	דור	FALSE		single-entry
B	genuine	Adjective	B1-038	אוֹרְגִּינָלִי; מְקוֹרִי; אוֹתֶנְטִי	real, honest or truly felt	Her concern for the children was genuine.	דאגתה לילדים הייתה כנה.	real, honest or truly felt	אוֹרְגִּינָלִי; מְקוֹרִי; אוֹתֶנְטִי	FALSE		single-entry
B	get rid of	Phrase	B2-024	להיפטר מ־	remove something that is not wanted	We need to get rid of these broken chairs.	אנחנו צריכים להיפטר מהכיסאות השבורים האלה.	remove something that is not wanted	להיפטר מ־	FALSE		single-entry
B	get worse	Phrase	B3-056	להחמיר	become more difficult, painful or serious	Her cold began to get worse at night.	ההצטננות שלה החלה להחמיר בלילה.	become more difficult, painful or serious	להחמיר	FALSE		single-entry
B	get wrong	Phrase	B2-039	לטעות ב־; להבין לא נכון	understand or answer something incorrectly	I got the last question wrong.	עניתי לא נכון על השאלה האחרונה.	understand or answer something incorrectly	לטעות ב־; להבין לא נכון	FALSE		single-entry
B	give away	Phrase	B2-012	לתת בחינם; לגלות סוד	give something for free or reveal a secret	They gave away warm clothes to families in need.	הם תרמו בגדים חמים למשפחות נזקקות.	give something for free or reveal a secret	לתת בחינם; לגלות סוד	FALSE		single-entry
B	go out	Phrase	B2-030	לצאת; לכבות	leave home for an activity or stop giving light	We went out for dinner on Friday.	יצאנו לארוחת ערב ביום שישי.	leave home for an activity or stop giving light	לצאת; לכבות	FALSE		single-entry
B	hidden	Adjective	B3-048	חָבוּי; סָמוּי	kept where it cannot easily be seen	We found a hidden key under the stone.	מצאנו מפתח חבוי מתחת לאבן.	kept where it cannot easily be seen	חָבוּי; סָמוּי	FALSE		single-entry
B	highlight	Verb	B2-059	הִדְגִּישׁ; הִבְלִיט	make something seem especially important	The report highlights the need for safer roads.	הדוח מדגיש את הצורך בכבישים בטוחים יותר.	make something seem especially important	הִדְגִּישׁ; הִבְלִיט	FALSE		single-entry
B	historian	Noun	B3-044	הִיסְטוֹרְיוֹן; אדם העוסק בהיסטוריה	a person who studies and writes about the past	The historian examined old letters.	ההיסטוריון בחן מכתבים ישנים.	a person who studies and writes about the past	הִיסְטוֹרְיוֹן; אדם העוסק בהיסטוריה	FALSE		single-entry
B	historic	Adjective	B3-050	הִיסְטוֹרִי; שקשור בהיסטוריה	important in the story of the past	The leaders signed a historic agreement.	המנהיגים חתמו על הסכם היסטורי.	important in the story of the past	הִיסְטוֹרִי; שקשור בהיסטוריה	FALSE		single-entry
B	identical	Adjective	B3-073	זֵהֶה; חוֹפֵף	exactly the same	The two bags look identical.	שני התיקים נראים זהים.	exactly the same	זֵהֶה; חוֹפֵף	FALSE		single-entry
B	immigration	Noun	B1-034	הֲגִירָה נִכְנֶסֶת; אִימִיגְרַצְיָה	the movement of people into another country to live	The museum tells the story of immigration to Israel.	המוזיאון מספר את סיפור העלייה לישראל.	the movement of people into another country to live	הֲגִירָה נִכְנֶסֶת; אִימִיגְרַצְיָה	FALSE		single-entry
B	import	Noun	B1-051	יְבוּא; אִימְפּוֹרְט; חֲשִׁיבוּת	goods brought into a country for sale	Oil is a major import for many countries.	נפט הוא מוצר יבוא מרכזי במדינות רבות.	goods brought into a country for sale	יְבוּא; אִימְפּוֹרְט; חֲשִׁיבוּת	TRUE	B1-002	record-specific
B	import	Verb	B1-002	יִבֵּא	bring goods into a country for sale	The shop imports coffee from Brazil.	החנות מייבאת קפה מברזיל.	bring goods into a country for sale	יִבֵּא	TRUE	B1-051	record-specific
B	impress	Verb	B3-053	הִרְשִׁים; הִטְבִּיעַ; טָבַע	make someone admire or notice something	Her clear presentation impressed the judges.	המצגת הברורה שלה הרשימה את השופטים.	make someone admire or notice something	הִרְשִׁים; הִטְבִּיעַ; טָבַע	FALSE		single-entry
B	impression	Noun	B1-025	רֹשֶׁם; הִתְרַשְּׁמוּת; הַטְבָּעָה	an idea or feeling formed about someone or something	The school made a good impression on the visitors.	בית הספר עשה רושם טוב על המבקרים.	an idea or feeling formed about someone or something	רֹשֶׁם; הִתְרַשְּׁמוּת; הַטְבָּעָה	FALSE		single-entry
B	incredible	Adjective	B2-071	מדהים; לא ייאמן	very hard to believe; extremely good	The view from the mountain was incredible.	הנוף מההר היה מדהים.	very hard to believe; extremely good	מדהים; לא ייאמן	FALSE		single-entry
B	indoors	Adjective	B3-045	מקורה; שבתוך מבנה	happening or used inside a building	The activity was indoors because it was raining.	הפעילות התקיימה בתוך מבנה כי ירד גשם.	happening or used inside a building	מקורה; שבתוך מבנה	TRUE	B1-013	record-specific
B	indoors	Adverb	B1-013	בתוך מבנה; פנימה	inside a building	It was raining, so we stayed indoors.	ירד גשם, ולכן נשארנו בתוך הבית.	inside a building	בתוך מבנה; פנימה	TRUE	B3-045	record-specific
B	infection	Noun	B1-054	זִהוּם; אִינְפֶקְצְיָה	an illness caused by harmful organisms	The doctor gave her medicine for the infection.	הרופא נתן לה תרופה נגד הזיהום.	an illness caused by harmful organisms	זִהוּם; אִינְפֶקְצְיָה	FALSE		single-entry
B	input	Noun	B2-020	קלט; מידע או רעיונות	ideas, information or effort put into something	The teacher asked students for input on the plan.	המורה ביקש מהתלמידים משוב על התוכנית.	ideas, information or effort put into something	קלט; מידע או רעיונות	FALSE		single-entry
B	inside	Adverb	B2-044	בפנים; פנימה	in or into an inner part	It began to rain, so we went inside.	התחיל לרדת גשם, ולכן נכנסנו פנימה.	in or into an inner part	בפנים; פנימה	FALSE		single-entry
B	interaction	Noun	B1-040	אִינְטֶרְאַקְצְיָה; גּוֹמְלִין	communication or activity between people or things	Group work encourages interaction between students.	עבודה בקבוצות מעודדת קשר בין התלמידים.	communication or activity between people or things	אִינְטֶרְאַקְצְיָה; גּוֹמְלִין	FALSE		single-entry
B	interpret	Verb	B3-024	פֵּרֵשׁ	explain the meaning of something; translate speech	Different readers may interpret the poem differently.	קוראים שונים עשויים לפרש את השיר באופן שונה.	explain the meaning of something; translate speech	פֵּרֵשׁ	FALSE		single-entry
B	interrupt	Verb	B1-015	להפריע; לקטוע	stop someone briefly while they are speaking or working	Please do not interrupt while she is answering.	נא לא להפריע בזמן שהיא עונה.	stop someone briefly while they are speaking or working	להפריע; לקטוע	FALSE		single-entry
B	involvement	Noun	B1-001	מְעֹרָבוּת	the act of taking part in something	Parent involvement can help a school succeed.	מעורבות הורים יכולה לסייע להצלחת בית הספר.	the act of taking part in something	מְעֹרָבוּת	FALSE		single-entry
B	issue	Noun	B1-036	נוֹשֵׂא; סוּגְיָה; גִּלָּיוֹן	an important subject or problem	The class discussed the issue of online safety.	הכיתה דנה בנושא הבטיחות ברשת.	an important subject or problem	נוֹשֵׂא; סוּגְיָה; גִּלָּיוֹן	FALSE		single-entry
B	it looks like/as if/as though	Phrase	B1-066	נראה ש־; כאילו	used to say how a situation seems	It looks as if the rain will stop soon.	נראה שהגשם ייפסק בקרוב.	used to say how a situation seems	נראה ש־; כאילו	FALSE		single-entry
B	jam	Noun	B1-028	פקק; ריבה	a situation where movement is blocked; sweet fruit spread	A traffic jam delayed the bus.	פקק תנועה עיכב את האוטובוס.	a situation where movement is blocked; sweet fruit spread	פקק; ריבה	FALSE		single-entry
B	journalist	Noun	B1-004	עִתּוֹנַאי; ז'וּרְנָלִיסְט	a person who reports news	The journalist interviewed the mayor.	העיתונאי ראיין את ראש העיר.	a person who reports news	עִתּוֹנַאי; ז'וּרְנָלִיסְט	FALSE		single-entry
B	judgment	Noun	B1-062	שיקול דעת; שיפוט; החלטה	an opinion or decision after careful thought	Good judgment is important in an emergency.	שיקול דעת טוב חשוב בשעת חירום.	an opinion or decision after careful thought	שיקול דעת; שיפוט; החלטה	FALSE		single-entry
B	just as ... as	Phrase	B2-004	בדיוק באותה מידה כמו	equal to someone or something in a particular way	The second exercise is just as difficult as the first.	התרגיל השני קשה בדיוק כמו הראשון.	equal to someone or something in a particular way	בדיוק באותה מידה כמו	FALSE		single-entry
B	justice	Noun	B1-076	צדק; משפט הוגן	fair treatment according to law or moral rules	The family continued to fight for justice.	המשפחה המשיכה להיאבק למען הצדק.	fair treatment according to law or moral rules	צדק; משפט הוגן	FALSE		single-entry
B	keen	Adjective	B3-059	נִלְהָב; חַד; מְמֻלָּח	very interested, eager or sharp	She is keen to improve her English.	היא להוטה לשפר את האנגלית שלה.	very interested, eager or sharp	נִלְהָב; חַד; מְמֻלָּח	FALSE		single-entry
B	keep	Verb	B3-055	הֶחְזִיק; שָׁמַר; פִּרְנֵס	continue to have, stay in a condition or follow a rule	Please keep your ticket until the end.	נא לשמור את הכרטיס עד הסוף.	continue to have, stay in a condition or follow a rule	הֶחְזִיק; שָׁמַר; פִּרְנֵס	FALSE		single-entry
B	kit	Noun	B2-058	ערכה; ציוד	a set of tools or equipment for a purpose	Every car should have a first-aid kit.	בכל מכונית צריכה להיות ערכת עזרה ראשונה.	a set of tools or equipment for a purpose	ערכה; ציוד	FALSE		single-entry
B	learn	Verb	B2-056	לָמַד	gain knowledge or skill	Children learn new words through reading.	ילדים לומדים מילים חדשות באמצעות קריאה.	gain knowledge or skill	לָמַד	FALSE		single-entry
B	lecture	Noun	B3-019	הַרְצָאָה	a formal educational talk	We attended a lecture about space.	נכחנו בהרצאה על החלל.	a formal educational talk	הַרְצָאָה	TRUE	B1-041	record-specific
B	lecture	Verb	B1-041	הִרְצָה	give a formal educational talk	She lectures on modern history at the university.	היא מרצה על היסטוריה מודרנית באוניברסיטה.	give a formal educational talk	הִרְצָה	TRUE	B3-019	record-specific
B	light	Verb	B3-023	הִצִּית; הִדְלִיק; הֵאִיר	make something begin to burn or become bright	Please light the candle carefully.	נא להדליק את הנר בזהירות.	make something begin to burn or become bright	הִצִּית; הִדְלִיק; הֵאִיר	TRUE	C1-049	record-specific
B	living	Noun	B2-074	מִחְיָה; קִיּוּם; פַּרְנָסָה	money earned for basic needs; a way of life	She earns a living as a designer.	היא מתפרנסת מעבודה כמעצבת.	money earned for basic needs; a way of life	מִחְיָה; קִיּוּם; פַּרְנָסָה	FALSE		single-entry
B	logical	Adjective	B3-032	לוֹגִי; שקשור בלוגיקה	based on clear and sensible thinking	Your explanation is simple and logical.	ההסבר שלכם פשוט והגיוני.	based on clear and sensible thinking	לוֹגִי; שקשור בלוגיקה	FALSE		single-entry
B	look forward to	Phrase	B2-023	לצפות בשמחה ל־	feel pleased and excited about something in the future	I look forward to seeing you next week.	אני מצפה לראותכם בשבוע הבא.	feel pleased and excited about something in the future	לצפות בשמחה ל־	FALSE		single-entry
B	lower	Verb	B3-005	להוריד; להנמיך	move down or make less	The store lowered its prices.	החנות הורידה את מחיריה.	move down or make less	להוריד; להנמיך	FALSE		single-entry
B	make sense	Phrase	B2-055	להיות הגיוני; להיות מובן	be easy to understand or reasonable	Your explanation makes sense.	ההסבר שלכם הגיוני.	be easy to understand or reasonable	להיות הגיוני; להיות מובן	FALSE		single-entry
B	make up	Phrase	B2-034	להמציא; להרכיב	invent something or form part of a whole	The children made up a funny story.	הילדים המציאו סיפור מצחיק.	invent something or form part of a whole	להמציא; להרכיב	FALSE		single-entry
B	make up your mind	Phrase	B2-067	להחליט	make a decision after thinking	Please make up your mind before Friday.	נא להחליט לפני יום שישי.	make a decision after thinking	להחליט	FALSE		single-entry
B	mend	Verb	B3-060	תִּקֵּן; הֶחְלִים; הִבְרִיא	repair something that is broken or damaged	Can you mend this torn shirt?	האם תוכלו לתקן את החולצה הקרועה הזאת?	repair something that is broken or damaged	תִּקֵּן; הֶחְלִים; הִבְרִיא	FALSE		single-entry
B	mixture	Noun	B3-061	תַּעֲרֹבֶת	a combination of different things	The soup is a mixture of vegetables and spices.	המרק הוא תערובת של ירקות ותבלינים.	a combination of different things	תַּעֲרֹבֶת	FALSE		single-entry
B	monthly	Adjective	B2-078	חָדְשִׁי	happening or produced once a month	We have a monthly team meeting.	יש לנו פגישת צוות חודשית.	happening or produced once a month	חָדְשִׁי	FALSE		single-entry
B	mystery	Noun	B1-073	מִסְתּוֹרִין; תַּעֲלוּמָה	something difficult or impossible to explain	The cause of the noise remains a mystery.	הגורם לרעש נותר בגדר תעלומה.	something difficult or impossible to explain	מִסְתּוֹרִין; תַּעֲלוּמָה	FALSE		single-entry
B	name	Verb	B2-037	כִּנָּה; קרא בשם; שִׁיֵּם	give a title to or identify	They named the new library after a local writer.	הם קראו לספרייה החדשה על שם סופר מקומי.	give a title to or identify	כִּנָּה; קרא בשם; שִׁיֵּם	TRUE	C1-081	record-specific
B	native	Adjective	B2-035	ילידי; מקומי; שפת אם	connected with the place where someone was born	Hebrew is her native language.	עברית היא שפת האם שלה.	connected with the place where someone was born	ילידי; מקומי; שפת אם	FALSE		single-entry
B	neither ... nor	Phrase	B2-066	לא... ולא	not the first choice and not the second choice	Neither the teacher nor the student was late.	לא המורה ולא התלמיד איחרו.	not the first choice and not the second choice	לא... ולא	FALSE		single-entry
B	nightmare	Noun	B3-074	סִיּוּט; חֲלוֹם בַּלָּהוֹת	a frightening dream or very unpleasant situation	Missing the last train was a nightmare.	החמצת הרכבת האחרונה הייתה סיוט.	a frightening dream or very unpleasant situation	סִיּוּט; חֲלוֹם בַּלָּהוֹת	FALSE		single-entry
B	nonsense	Noun	B3-022	שְׁטוּת; נוֹנְסֶנְס	words or ideas with no meaning or truth	The rumor was complete nonsense.	השמועה הייתה שטות גמורה.	words or ideas with no meaning or truth	שְׁטוּת; נוֹנְסֶנְס	FALSE		single-entry
B	not ... a word	Phrase	B2-049	אף מילה; שום דבר	used to say that nothing was heard, said or understood	I did not understand a word of the speech.	לא הבנתי אף מילה מהנאום.	used to say that nothing was heard, said or understood	אף מילה; שום דבר	FALSE		single-entry
B	not until	Phrase	B1-007	רק לאחר; לא לפני	only after a particular time or event	We did not leave until the rain stopped.	לא יצאנו עד שהגשם פסק.	only after a particular time or event	רק לאחר; לא לפני	FALSE		single-entry
B	occupation	Noun	B2-008	מִקְצוֹעַ; מִשְׁלַח יָד; עִסּוּק	a job; the act of using or controlling a place	Please write your occupation on the form.	נא לכתוב את עיסוקכם בטופס.	a job; the act of using or controlling a place	מִקְצוֹעַ; מִשְׁלַח יָד; עִסּוּק	FALSE		single-entry
B	occupy	Verb	B2-060	לתפוס מקום; לאכלס; להעסיק	use, fill or take control of a space or time	The sofa occupies most of the room.	הספה תופסת את רוב החדר.	use, fill or take control of a space or time	לתפוס מקום; לאכלס; להעסיק	FALSE		single-entry
B	oil	Noun	B3-062	שֶׁמֶן; דֶּלֶק; נֵפְט	a thick liquid used as fuel, food or machine protection	Heat a little oil in the pan.	חממו מעט שמן במחבת.	a thick liquid used as fuel, food or machine protection	שֶׁמֶן; דֶּלֶק; נֵפְט	FALSE		single-entry
B	on the whole	Phrase	B2-028	בסך הכול; באופן כללי	when considering everything together	On the whole, the trip was successful.	בסך הכול, הטיול היה מוצלח.	when considering everything together	בסך הכול; באופן כללי	FALSE		single-entry
B	open	Verb	B1-044	פָּתַח; נִפְתַּח	make something no longer closed; begin operating	Please open the window.	נא לפתוח את החלון.	make something no longer closed; begin operating	פָּתַח; נִפְתַּח	FALSE		single-entry
B	operate	Verb	B3-069	הִפְעִיל; תִּפְעֵל	control a machine; perform medical treatment	Only trained staff may operate the machine.	רק עובדים שהוכשרו רשאים להפעיל את המכונה.	control a machine; perform medical treatment	הִפְעִיל; תִּפְעֵל	FALSE		single-entry
B	organ	Noun	B2-009	איבר בגוף; אורגן; עוגב	a body part with a special job; a large musical instrument	The heart is a vital organ.	הלב הוא איבר חיוני.	a body part with a special job; a large musical instrument	איבר בגוף; אורגן; עוגב	FALSE		single-entry
B	organization	Noun	B3-027	אִרְגּוּן	an official group; the act of arranging things	She works for an international organization.	היא עובדת בארגון בין־לאומי.	an official group; the act of arranging things	אִרְגּוּן	FALSE		single-entry
B	outstanding	Adjective	B3-014	מְצֻיָּן; יוֹצֵא מִן הַכְּלָל; מְעֻלֶּה	extremely good; not yet completed or paid	She received an award for outstanding work.	היא קיבלה פרס על עבודה יוצאת מן הכלל.	extremely good; not yet completed or paid	מְצֻיָּן; יוֹצֵא מִן הַכְּלָל; מְעֻלֶּה	FALSE		single-entry
B	part-time	Phrase	B3-037	במשרה חלקית	for fewer hours than a full working week	She has a part-time job at a café.	יש לה עבודה במשרה חלקית בבית קפה.	for fewer hours than a full working week	במשרה חלקית	FALSE		single-entry
B	patient	Adjective	B1-053	סַבְלָנִי; סַבְלָן	able to wait calmly	Please be patient while the page loads.	אנא התאזרו בסבלנות בזמן שהדף נטען.	able to wait calmly	סַבְלָנִי; סַבְלָן	FALSE		single-entry
B	peculiar	Adjective	B2-046	מוּזָר; יוֹצֵא דֹּפֶן; מְיֻחָד	strange or unusual	There was a peculiar smell in the room.	היה בחדר ריח מוזר.	strange or unusual	מוּזָר; יוֹצֵא דֹּפֶן; מְיֻחָד	FALSE		single-entry
B	place	Noun	B1-018	מָקוֹם; מֶרְחָב; מַעֲמָד	a particular area, position or point	This quiet place is perfect for reading.	המקום השקט הזה מושלם לקריאה.	a particular area, position or point	מָקוֹם; מֶרְחָב; מַעֲמָד	FALSE		single-entry
B	point	Noun	B3-021	נקודה; טענה; רעיון	an idea, purpose, score or exact place	The speaker made an important point.	הדובר העלה נקודה חשובה.	an idea, purpose, score or exact place	נקודה; טענה; רעיון	TRUE	B1-042	record-specific
B	point	Verb	B1-042	הִצְבִּיעַ; כִּוֵּן; חִדֵּד	show a direction with a finger or object	She pointed to the correct answer.	היא הצביעה על התשובה הנכונה.	show a direction with a finger or object	הִצְבִּיעַ; כִּוֵּן; חִדֵּד	TRUE	B3-021	record-specific
B	position	Noun	B3-068	עמדה; מיקום; תפקיד; משרה	a place, job or opinion	He applied for a teaching position.	הוא הגיש מועמדות למשרת הוראה.	a place, job or opinion	עמדה; מיקום; תפקיד; משרה	TRUE	C2-006	record-specific
B	potential	Noun	B3-047	פוטנציאל; יכולת עתידית	the ability to develop or succeed in the future	The young player has great potential.	לשחקן הצעיר יש פוטנציאל רב.	the ability to develop or succeed in the future	פוטנציאל; יכולת עתידית	FALSE		single-entry
B	preference	Noun	B1-058	הַעֲדָפָה; עֲדִיפוּת	a greater liking for one choice	She expressed a preference for the morning class.	היא הביעה העדפה לשיעור הבוקר.	a greater liking for one choice	הַעֲדָפָה; עֲדִיפוּת	FALSE		single-entry
B	present	Verb	B1-072	הִצִּיג; הֶעֱנִיק; הִנְכִּיחַ	show, give or formally introduce something	Each group will present its project tomorrow.	כל קבוצה תציג את הפרויקט שלה מחר.	show, give or formally introduce something	הִצִּיג; הֶעֱנִיק; הִנְכִּיחַ	FALSE		single-entry
B	pressure	Noun	B2-007	לַחַץ	force; worry caused by demands	Students often feel pressure before exams.	תלמידים חשים לעיתים קרובות לחץ לפני מבחנים.	force; worry caused by demands	לַחַץ	FALSE		single-entry
B	prime	Adjective	B1-026	רָאשִׁי; מְשֻׁבָּח; מֻבְחָר	main or most important	Safety is our prime concern.	הבטיחות היא הדאגה העיקרית שלנו.	main or most important	רָאשִׁי; מְשֻׁבָּח; מֻבְחָר	FALSE		single-entry
B	principal	Adjective	B2-079	עִקָּרִי; רָאשִׁי	main or most important	The principal reason for the delay was heavy traffic.	הסיבה העיקרית לעיכוב הייתה עומס תנועה כבד.	main or most important	עִקָּרִי; רָאשִׁי	TRUE	B3-036	record-specific
B	principal	Noun	B3-036	מנהל או מנהלת בית ספר	the head of a school	The principal welcomed the new students.	מנהל בית הספר קיבל את פני התלמידים החדשים.	the head of a school	מנהל או מנהלת בית ספר	TRUE	B2-079	record-specific
B	promote	Verb	B1-006	קִדֵּם; הֶעֱלָה	support, advertise or move someone to a higher job	The campaign promotes healthy eating.	מסע הפרסום מקדם תזונה בריאה.	support, advertise or move someone to a higher job	קִדֵּם; הֶעֱלָה	FALSE		single-entry
B	put up with	Phrase	B2-002	לסבול; להשלים עם	accept an unpleasant situation without complaining	I cannot put up with this noise any longer.	איני יכול לסבול עוד את הרעש הזה.	accept an unpleasant situation without complaining	לסבול; להשלים עם	FALSE		single-entry
B	reach	Noun	B3-043	הַשָּׂגָה; הוֹשָׁטָה; הישג יד	the distance that someone can touch or influence	Keep the medicine out of children’s reach.	שמרו את התרופה הרחק מהישג ידם של ילדים.	the distance that someone can touch or influence	הַשָּׂגָה; הוֹשָׁטָה; הישג יד	TRUE	B2-033	record-specific
B	reach	Verb	B2-033	הִגִּיעַ; הִשִּׂיג; הוֹשִׁיט	arrive at or stretch far enough to touch	We reached the station before noon.	הגענו לתחנה לפני הצהריים.	arrive at or stretch far enough to touch	הִגִּיעַ; הִשִּׂיג; הוֹשִׁיט	TRUE	B3-043	record-specific
B	reason	Noun	B1-010	סִבָּה; נִמּוּק; הִגָּיוֹן	a cause or explanation for an action or event	What was the reason for the change?	מה הייתה הסיבה לשינוי?	a cause or explanation for an action or event	סִבָּה; נִמּוּק; הִגָּיוֹן	FALSE		single-entry
B	record	Noun	B2-077	רשומה; תיעוד; שיא	stored information; the best result achieved	The school keeps a record of attendance.	בית הספר מנהל רישום נוכחות.	stored information; the best result achieved	רשומה; תיעוד; שיא	TRUE	B3-038	record-specific
B	record	Verb	B3-038	רָשַׁם; הִקְלִיט	store sound, pictures or information	Students recorded a short interview.	התלמידים הקליטו ריאיון קצר.	store sound, pictures or information	רָשַׁם; הִקְלִיט	TRUE	B2-077	record-specific
B	reflect	Verb	B1-068	שִׁקֵּף; החזיר אור; הִרְהֵר	show an image; show or think deeply about something	The results reflect the students’ hard work.	התוצאות משקפות את עבודתם הקשה של התלמידים.	show an image; show or think deeply about something	שִׁקֵּף; החזיר אור; הִרְהֵר	FALSE		single-entry
B	register	Noun	B2-054	רשימה רשמית; מרשם	an official list of names or information	The teacher checked the class register.	המורה בדק את יומן הנוכחות של הכיתה.	an official list of names or information	רשימה רשמית; מרשם	TRUE	B1-031	record-specific
B	register	Verb	B1-031	רָשַׁם; נִרְשַׁם	put a name or information on an official list	You must register before the course begins.	עליכם להירשם לפני תחילת הקורס.	put a name or information on an official list	רָשַׁם; נִרְשַׁם	TRUE	B2-054	record-specific
B	regret	Noun	B3-072	חֲרָטָה; צַעַר	sadness about something done or missed	Her only regret was leaving too early.	חרטתה היחידה הייתה שעזבה מוקדם מדי.	sadness about something done or missed	חֲרָטָה; צַעַר	TRUE	B2-051	record-specific
B	regret	Verb	B2-051	הִתְחָרֵט; הִצְטַעֵר	feel sorry about something	I regret not asking for help sooner.	אני מצטער שלא ביקשתי עזרה מוקדם יותר.	feel sorry about something	הִתְחָרֵט; הִצְטַעֵר	TRUE	B3-072	record-specific
B	relate	Verb	B2-016	לקשר; להתייחס; לספר	connect things; understand someone’s experience	The examples relate directly to the topic.	הדוגמאות קשורות ישירות לנושא.	connect things; understand someone’s experience	לקשר; להתייחס; לספר	FALSE		single-entry
B	relax	Verb	B1-022	נִרְגַּע; הִרְפָּה; רִפָּה	rest and become less worried	I like to relax by reading.	אני אוהב להירגע בקריאה.	rest and become less worried	נִרְגַּע; הִרְפָּה; רִפָּה	FALSE		single-entry
B	remark	Noun	B1-017	הֶעָרָה	a spoken or written comment	His final remark made everyone laugh.	הערתו האחרונה הצחיקה את כולם.	a spoken or written comment	הֶעָרָה	TRUE	B1-047	record-specific
B	remark	Verb	B1-047	להעיר; לציין	say or write a comment	She remarked that the room was unusually quiet.	היא העירה שהחדר היה שקט באופן יוצא דופן.	say or write a comment	להעיר; לציין	TRUE	B1-017	record-specific
B	remote	Adjective	B2-069	מְרֻחָק; רָחוֹק	far away; controlled from a distance	They live in a remote mountain village.	הם גרים בכפר הררי מרוחק.	far away; controlled from a distance	מְרֻחָק; רָחוֹק	FALSE		single-entry
B	replace	Verb	B1-080	הֶחְלִיף	put one person or thing instead of another	We need to replace the broken chair.	אנחנו צריכים להחליף את הכיסא השבור.	put one person or thing instead of another	הֶחְלִיף	FALSE		single-entry
B	rescue	Noun	B1-049	הַצָּלָה	an act of saving someone from danger	The rescue took several hours.	פעולת החילוץ נמשכה כמה שעות.	an act of saving someone from danger	הַצָּלָה	TRUE	B1-075	record-specific
B	rescue	Verb	B1-075	הִצִּיל; הוֹשִׁיעַ	save someone from danger	Firefighters rescued the family.	לוחמי האש חילצו את המשפחה.	save someone from danger	הִצִּיל; הוֹשִׁיעַ	TRUE	B1-049	record-specific
B	respect	Noun	B3-015	כבוד; הערכה	admiration or polite treatment	The students showed respect for one another.	התלמידים הפגינו כבוד זה לזה.	admiration or polite treatment	כבוד; הערכה	TRUE	B3-020	record-specific
B	respect	Verb	B3-020	כִּבֵּד; הוֹקִיר	admire or treat someone well	We should respect different opinions.	עלינו לכבד דעות שונות.	admire or treat someone well	כִּבֵּד; הוֹקִיר	TRUE	B3-015	record-specific
B	retire	Verb	B1-061	לפרוש; לצאת לגמלאות	stop working because of age or after a long career	She plans to retire next year.	היא מתכננת לפרוש בשנה הבאה.	stop working because of age or after a long career	לפרוש; לצאת לגמלאות	FALSE		single-entry
B	right	Adjective	B2-045	נָכוֹן; צוֹדֵק	correct, suitable or on the side opposite left	You chose the right answer.	בחרתם בתשובה הנכונה.	correct, suitable or on the side opposite left	נָכוֹן; צוֹדֵק	FALSE		single-entry
B	role	Noun	B1-008	תַּפְקִיד	a function, duty or acting part	Parents play an important role in education.	להורים יש תפקיד חשוב בחינוך.	a function, duty or acting part	תַּפְקִיד	FALSE		single-entry
B	room	Noun	B1-032	חֶדֶר; מָקוֹם; מִרְוָח	a part of a building; available space	There is enough room for one more chair.	יש מספיק מקום לכיסא נוסף.	a part of a building; available space	חֶדֶר; מָקוֹם; מִרְוָח	FALSE		single-entry
B	rough	Adjective	B1-043	קָשֶׁה; מְחֻסְפָּס; גָּלְמִי	not smooth; difficult or violent	The sea was rough during the storm.	הים היה סוער במהלך הסופה.	not smooth; difficult or violent	קָשֶׁה; מְחֻסְפָּס; גָּלְמִי	FALSE		single-entry
B	rule	Noun	B1-056	חֹק; הוֹרָאָה; שִׁלְטוֹן	an official instruction about what is allowed	The school has a rule against running indoors.	בבית הספר יש כלל האוסר לרוץ בתוך המבנה.	an official instruction about what is allowed	חֹק; הוֹרָאָה; שִׁלְטוֹן	TRUE	B1-079	record-specific
B	rule	Verb	B1-079	מָשַׁל; שָׁלַט; פָּסַק	control or govern a country or group	The queen ruled the country for many years.	המלכה שלטה במדינה במשך שנים רבות.	control or govern a country or group	מָשַׁל; שָׁלַט; פָּסַק	TRUE	B1-056	record-specific
B	run	Verb	B3-035	רָץ; הִתְנַהֵל; נֶעֱרַךְ	move quickly on foot; manage or operate	She runs a small bookshop.	היא מנהלת חנות ספרים קטנה.	move quickly on foot; manage or operate	רָץ; הִתְנַהֵל; נֶעֱרַךְ	FALSE		single-entry
B	rush	Noun	B2-019	מהירות; דחיפות; עומס	a sudden quick movement or very busy period	There was a morning rush at the station.	בשעות הבוקר היה עומס בתחנה.	a sudden quick movement or very busy period	מהירות; דחיפות; עומס	TRUE	B3-025	record-specific
B	rush	Verb	B3-025	מִהֵר; נֶחְפַּז; הֵחִישׁ	move or act very quickly	Do not rush your answer.	אל תמהרו לענות.	move or act very quickly	מִהֵר; נֶחְפַּז; הֵחִישׁ	TRUE	B2-019	record-specific
B	satisfy	Verb	B2-011	לספק; להשביע רצון	meet a need or make someone pleased	The solution satisfied everyone.	הפתרון השביע את רצון כולם.	meet a need or make someone pleased	לספק; להשביע רצון	FALSE		single-entry
B	scale	Noun	B2-047	סֻלָּם; סְקָלָה; קְנֵה מִדָּה	a set of levels; a device for measuring weight	Rate each answer on a scale from one to five.	דרגו כל תשובה בסולם של אחת עד חמש.	a set of levels; a device for measuring weight	סֻלָּם; סְקָלָה; קְנֵה מִדָּה	FALSE		single-entry
B	scene	Noun	B1-037	סְצֶנָה; מַעֲרָכָה; זירת ההתרחשות	a part of a play or film; the place of an event	The final scene of the film was moving.	הסצנה האחרונה בסרט הייתה מרגשת.	a part of a play or film; the place of an event	סְצֶנָה; מַעֲרָכָה; זירת ההתרחשות	FALSE		single-entry
B	schedule	Noun	B3-031	לוּחַ זְמַנִּים; תָּכְנִית; נִסְפָּח	a plan showing times for activities	The train arrived according to schedule.	הרכבת הגיעה לפי לוח הזמנים.	a plan showing times for activities	לוּחַ זְמַנִּים; תָּכְנִית; נִסְפָּח	FALSE		single-entry
B	sensitive	Adjective	B2-013	רָגִישׁ	easily affected; needing careful treatment	This is a sensitive subject for many people.	זהו נושא רגיש עבור אנשים רבים.	easily affected; needing careful treatment	רָגִישׁ	FALSE		single-entry
B	service	Noun	B1-050	שֵׁרוּת; טֶקֶס; דְּרָשָׁה	work or help provided for people	The hotel offers a free bus service.	המלון מציע שירות הסעות חינם.	work or help provided for people	שֵׁרוּת; טֶקֶס; דְּרָשָׁה	FALSE		single-entry
B	set	Verb	B1-055	הִנִּיחַ; שָׂם; קִבֵּעַ	put in a place; decide or fix a time or level	We set a date for the next meeting.	קבענו תאריך לפגישה הבאה.	put in a place; decide or fix a time or level	הִנִּיחַ; שָׂם; קִבֵּעַ	FALSE		single-entry
B	setting	Noun	B3-075	תַּפְאוּרָה; רֶקַע; סְבִיבָה	the place and time of an event or story	The village is the setting of the novel.	הכפר הוא מקום התרחשות העלילה של הרומן.	the place and time of an event or story	תַּפְאוּרָה; רֶקַע; סְבִיבָה	FALSE		single-entry
B	shortly	Adverb	B3-079	בקרוב; תוך זמן קצר; בקצרה	soon; in a few words	The train will arrive shortly.	הרכבת תגיע בקרוב.	soon; in a few words	בקרוב; תוך זמן קצר; בקצרה	FALSE		single-entry
B	shut down	Phrase	B3-001	לסגור; להשבית	close a place or stop a machine from working	The factory shut down for repairs.	המפעל נסגר לצורך תיקונים.	close a place or stop a machine from working	לסגור; להשבית	FALSE		single-entry
B	similarity	Noun	B3-003	דִּמְיוֹן; הַקְבָּלָה	a way in which people or things are alike	There is a clear similarity between the two designs.	יש דמיון ברור בין שני העיצובים.	a way in which people or things are alike	דִּמְיוֹן; הַקְבָּלָה	FALSE		single-entry
B	slow down/up	Phrase	B3-028	להאט; להאיץ	make someone or something move less or more quickly	Please slow down near the school.	נא להאט ליד בית הספר.	make someone or something move less or more quickly	להאט; להאיץ	FALSE		single-entry
B	so-called	Phrase	B3-051	מה שמכונה; כביכול	used for a name that may not be correct	The so-called expert could not answer the question.	המומחה כביכול לא הצליח לענות על השאלה.	used for a name that may not be correct	מה שמכונה; כביכול	FALSE		single-entry
B	society	Noun	B1-046	חֶבְרָה; אֲגֻדָּה	people living together in an organized community	Technology has changed modern society.	הטכנולוגיה שינתה את החברה המודרנית.	people living together in an organized community	חֶבְרָה; אֲגֻדָּה	FALSE		single-entry
B	sooner or later	Phrase	B3-058	במוקדם או במאוחר	at some time in the future, even if the time is unknown	Sooner or later, we will need to replace the old computer.	במוקדם או במאוחר, נצטרך להחליף את המחשב הישן.	at some time in the future, even if the time is unknown	במוקדם או במאוחר	FALSE		single-entry
B	spectacular	Adjective	B2-001	מַרְהִיב עַיִן; מַדְהִים; מְהַמֵּם	very impressive or beautiful	We watched a spectacular sunset.	צפינו בשקיעה מרהיבה.	very impressive or beautiful	מַרְהִיב עַיִן; מַדְהִים; מְהַמֵּם	FALSE		single-entry
B	speech	Noun	B3-034	דִּבּוּר; נְאוּם; הַרְצָאָה	a formal talk; the ability to speak	The student gave a short speech at the ceremony.	התלמיד נשא נאום קצר בטקס.	a formal talk; the ability to speak	דִּבּוּר; נְאוּם; הַרְצָאָה	FALSE		single-entry
B	spoil	Verb	B2-005	קִלְקֵל; הִשְׁחִית; פִּנֵּק	damage or ruin; give someone too much	Do not let the rain spoil the picnic.	אל תתנו לגשם להרוס את הפיקניק.	damage or ruin; give someone too much	קִלְקֵל; הִשְׁחִית; פִּנֵּק	FALSE		single-entry
B	start off	Phrase	B2-052	להתחיל	begin an activity or journey in a particular way	The lesson started off with a short game.	השיעור התחיל במשחק קצר.	begin an activity or journey in a particular way	להתחיל	FALSE		single-entry
B	style	Noun	B2-080	סִגְנוֹן; אָפְנָה; סְטַיְל	a particular way of doing, writing or designing	The writer has a clear and simple style.	לסופר יש סגנון ברור ופשוט.	a particular way of doing, writing or designing	סִגְנוֹן; אָפְנָה; סְטַיְל	FALSE		single-entry
B	sum up	Phrase	B3-013	לסכם	state the main ideas in a short form	Please sum up the article in two sentences.	נא לסכם את המאמר בשני משפטים.	state the main ideas in a short form	לסכם	FALSE		single-entry
B	summary	Noun	B3-054	סִכּוּם; תַּמְצִית	a short statement of the main points	Write a brief summary of the article.	כתבו סיכום קצר של המאמר.	a short statement of the main points	סִכּוּם; תַּמְצִית	FALSE		single-entry
B	support	Noun	B2-031	תְּמִיכָה	help, agreement or something that holds an object	The student received support from her teacher.	התלמידה קיבלה תמיכה מהמורה שלה.	help, agreement or something that holds an object	תְּמִיכָה	TRUE	B1-059	record-specific
B	support	Verb	B1-059	תָּמַךְ; סִיֵּעַ; פִּרְנֵס	help, agree with or hold up	Her family supported her decision.	משפחתה תמכה בהחלטתה.	help, agree with or hold up	תָּמַךְ; סִיֵּעַ; פִּרְנֵס	TRUE	B2-031	record-specific
B	survive	Verb	B1-052	שָׂרַד	continue to live or exist after danger	Few plants can survive without water.	צמחים מעטים יכולים לשרוד ללא מים.	continue to live or exist after danger	שָׂרַד	FALSE		single-entry
B	take into account	Phrase	B3-042	להביא בחשבון	consider a fact when making a decision	We must take the weather into account.	עלינו להביא בחשבון את מזג האוויר.	consider a fact when making a decision	להביא בחשבון	FALSE		single-entry
B	take part	Phrase	B1-003	להשתתף	join and be involved in an activity	Every student can take part in the competition.	כל תלמיד יכול להשתתף בתחרות.	join and be involved in an activity	להשתתף	FALSE		single-entry
B	take place	Phrase	B3-029	להתרחש; להתקיים	happen at a particular time or place	The ceremony will take place on Monday.	הטקס יתקיים ביום שני.	happen at a particular time or place	להתרחש; להתקיים	FALSE		single-entry
B	take seriously	Phrase	B2-003	להתייחס ברצינות	treat someone or something as important and real	You should take this warning seriously.	עליכם להתייחס לאזהרה הזאת ברצינות.	treat someone or something as important and real	להתייחס ברצינות	FALSE		single-entry
B	take the opportunity	Phrase	B2-006	לנצל את ההזדמנות	use a suitable chance to do something	I took the opportunity to thank my teacher.	ניצלתי את ההזדמנות להודות למורה שלי.	use a suitable chance to do something	לנצל את ההזדמנות	FALSE		single-entry
B	take/accept/claim responsibility	Phrase	B3-016	לקבל אחריות; ליטול אחריות	accept that you have a duty or caused something	The manager accepted responsibility for the mistake.	המנהל קיבל אחריות על הטעות.	accept that you have a duty or caused something	לקבל אחריות; ליטול אחריות	FALSE		single-entry
B	the headlines	Phrase	B3-052	הכותרות הראשיות	the titles of the most important news stories	The election result was in the headlines.	תוצאת הבחירות הופיעה בכותרות.	the titles of the most important news stories	הכותרות הראשיות	FALSE		single-entry
B	the heart of	Phrase	B1-016	לב העניין; המרכז של	the central or most important part of something	Trust is at the heart of a good friendship.	אמון עומד בלבה של ידידות טובה.	the central or most important part of something	לב העניין; המרכז של	FALSE		single-entry
B	the main thing	Phrase	B1-023	הדבר העיקרי	the most important fact, idea or goal	The main thing is that everyone is safe.	העיקר הוא שכולם בטוחים.	the most important fact, idea or goal	הדבר העיקרי	FALSE		single-entry
B	the reality of	Phrase	B2-076	המציאות של	the situation as it really is	The report describes the reality of life in the city.	הדוח מתאר את מציאות החיים בעיר.	the situation as it really is	המציאות של	FALSE		single-entry
B	theme	Noun	B2-036	תֶּמָה; נוֹשֵׂא	the main subject or idea	Friendship is the central theme of the story.	חברות היא הנושא המרכזי של הסיפור.	the main subject or idea	תֶּמָה; נוֹשֵׂא	FALSE		single-entry
B	to	Preposition	B3-017	ל־; אל; עד	used for direction, a receiver or the end of a range	The shop is open from nine to five.	החנות פתוחה מתשע עד חמש.	used for direction, a receiver or the end of a range	ל־; אל; עד	FALSE		single-entry
B	to start with	Phrase	B3-046	בתור התחלה; ראשית	used to introduce the first point or situation	To start with, read the title carefully.	ראשית, קראו את הכותרת בעיון.	used to introduce the first point or situation	בתור התחלה; ראשית	FALSE		single-entry
B	treasure	Noun	B2-050	אוֹצָר; מַטְמוֹן	valuable objects or something greatly loved	The divers found an ancient treasure.	הצוללנים מצאו אוצר עתיק.	valuable objects or something greatly loved	אוֹצָר; מַטְמוֹן	FALSE		single-entry
B	try	Noun	B1-005	נִסָּיוֹן; מַאֲמָץ	an attempt to do something	Give the question another try.	נסו לענות על השאלה פעם נוספת.	an attempt to do something	נִסָּיוֹן; מַאֲמָץ	FALSE		single-entry
B	turn	Noun	B1-030	סִיבוּב; פְּנִיָּה; תּוֹר	a change of direction; a person’s time to act	It is your turn to answer.	תורכם לענות.	a change of direction; a person’s time to act	סִיבוּב; פְּנִיָּה; תּוֹר	FALSE		single-entry
B	uncomfortable	Adjective	B3-070	לא נוח	not relaxed, pleasant or physically easy	The chair was hard and uncomfortable.	הכיסא היה קשה ולא נוח.	not relaxed, pleasant or physically easy	לא נוח	FALSE		single-entry
B	underneath	Adverb	B1-011	מתחת; מלמטה	in or to a lower position	The box is heavy, but there is a handle underneath.	הארגז כבד, אבל יש ידית מתחתיו.	in or to a lower position	מתחת; מלמטה	TRUE	B1-077	record-specific
B	underneath	Preposition	B1-077	מתחת ל־	directly below someone or something	The keys were underneath the book.	המפתחות היו מתחת לספר.	directly below someone or something	מתחת ל־	TRUE	B1-011	record-specific
B	understand	Verb	B1-067	הֵבִין	know the meaning or reason	I understand the instructions now.	עכשיו אני מבין את ההוראות.	know the meaning or reason	הֵבִין	FALSE		single-entry
B	undo	Verb	B2-070	לבטל פעולה; להתיר; לפתוח	reverse an action; open something tied or fastened	Click this button to undo the last change.	לחצו על הכפתור הזה כדי לבטל את השינוי האחרון.	reverse an action; open something tied or fastened	לבטל פעולה; להתיר; לפתוח	FALSE		single-entry
B	unemployed	Adjective	B2-015	מֻבְטָל; בָּטֵל	without a paid job	He was unemployed for three months.	הוא היה מובטל במשך שלושה חודשים.	without a paid job	מֻבְטָל; בָּטֵל	FALSE		single-entry
B	unexpected	Adjective	B1-033	בִּלְתִּי צָפוּי	not planned or believed likely to happen	An unexpected guest arrived at dinner time.	אורח בלתי צפוי הגיע בזמן ארוחת הערב.	not planned or believed likely to happen	בִּלְתִּי צָפוּי	FALSE		single-entry
B	up-to-date	Phrase	B2-021	מעודכן; עדכני	containing the newest information	The website gives up-to-date travel information.	האתר מספק מידע עדכני על נסיעות.	containing the newest information	מעודכן; עדכני	FALSE		single-entry
B	urgent	Adjective	B3-065	דָּחוּף; בָּהוּל; מִיָּדִי	needing immediate attention	The doctor received an urgent call.	הרופא קיבל שיחה דחופה.	needing immediate attention	דָּחוּף; בָּהוּל; מִיָּדִי	FALSE		single-entry
B	use up	Phrase	B1-039	לנצל עד תום; לגמור	use all of something so that none remains	We used up all the paper.	השתמשנו בכל הנייר.	use all of something so that none remains	לנצל עד תום; לגמור	FALSE		single-entry
B	virtual reality	Phrase	B3-030	מציאות מדומה	a computer-made world that seems real	Students explored the museum through virtual reality.	התלמידים סיירו במוזיאון באמצעות מציאות מדומה.	a computer-made world that seems real	מציאות מדומה	FALSE		single-entry
B	vowel	Noun	B3-063	תנועה בדיבור או בכתב	a speech sound represented by letters such as a, e, i, o or u	The word ’cat’ contains one vowel.	המילה "cat" מכילה אות תנועה אחת.	a speech sound represented by letters such as a, e, i, o or u	תנועה בדיבור או בכתב	FALSE		single-entry
B	waste	Adjective	B3-011	מיותר; פסולת; שנותר ללא שימוש	not wanted and left after use	The factory turns waste material into fuel.	המפעל הופך חומרי פסולת לדלק.	not wanted and left after use	מיותר; פסולת; שנותר ללא שימוש	TRUE	B2-062	record-specific
B	waste	Verb	B2-062	בִּזְבֵּז; הוֹצִיא לָרִיק; אִבֵּד	use badly or use more than needed	Do not waste clean water.	אל תבזבזו מים נקיים.	use badly or use more than needed	בִּזְבֵּז; הוֹצִיא לָרִיק; אִבֵּד	TRUE	B3-011	record-specific
B	wealth	Noun	B2-038	עושר; הון; שפע	a large amount of money, property or useful things	The country has a wealth of natural resources.	למדינה יש שפע של משאבי טבע.	a large amount of money, property or useful things	עושר; הון; שפע	FALSE		single-entry
B	welcome	Adjective	B2-064	מְבֹרָךְ; רָצוּי	wanted and giving pleasure	The cool rain was a welcome change.	הגשם הקריר היה שינוי מבורך.	wanted and giving pleasure	מְבֹרָךְ; רָצוּי	TRUE	B1-070	record-specific
B	welcome	Verb	B1-070	לקבל בברכה; לברך לשלום	greet someone with pleasure	Students welcomed the new teacher.	התלמידים קיבלו את פני המורה החדש.	greet someone with pleasure	לקבל בברכה; לברך לשלום	TRUE	B2-064	record-specific
B	wherever	Adverb	B2-072	בכל מקום שבו; היכן ש־	in or to any place	Sit wherever you like.	שבו בכל מקום שתרצו.	in or to any place	בכל מקום שבו; היכן ש־	FALSE		single-entry
